--------------------------------------------------------
-- Archivo creado  - jueves-diciembre-02-2021   
--------------------------------------------------------
--------------------------------------------------------
--  DDL for Sequence SEC_CONTRATO
--------------------------------------------------------

   CREATE SEQUENCE  "NOMASACCIDENTES"."SEC_CONTRATO"  MINVALUE 1 MAXVALUE 256 INCREMENT BY 1 START WITH 21 CACHE 20 NOORDER  NOCYCLE ;
--------------------------------------------------------
--  DDL for Sequence SEC_IDUSUARIO
--------------------------------------------------------

   CREATE SEQUENCE  "NOMASACCIDENTES"."SEC_IDUSUARIO"  MINVALUE 1 MAXVALUE 256 INCREMENT BY 1 START WITH 81 CACHE 20 NOORDER  NOCYCLE ;
--------------------------------------------------------
--  DDL for Sequence SEC_INFORME
--------------------------------------------------------

   CREATE SEQUENCE  "NOMASACCIDENTES"."SEC_INFORME"  MINVALUE 1 MAXVALUE 256 INCREMENT BY 1 START WITH 41 CACHE 20 NOORDER  NOCYCLE ;
--------------------------------------------------------
--  DDL for Sequence SEC_PLANILLA
--------------------------------------------------------

   CREATE SEQUENCE  "NOMASACCIDENTES"."SEC_PLANILLA"  MINVALUE 1 MAXVALUE 256 INCREMENT BY 1 START WITH 61 CACHE 20 NOORDER  NOCYCLE ;
--------------------------------------------------------
--  DDL for Sequence SEC_REGISTRO
--------------------------------------------------------

   CREATE SEQUENCE  "NOMASACCIDENTES"."SEC_REGISTRO"  MINVALUE 1 MAXVALUE 256 INCREMENT BY 1 START WITH 81 CACHE 20 NOORDER  NOCYCLE ;
--------------------------------------------------------
--  DDL for Sequence SEC_SOLICITUD
--------------------------------------------------------

   CREATE SEQUENCE  "NOMASACCIDENTES"."SEC_SOLICITUD"  MINVALUE 1 MAXVALUE 256 INCREMENT BY 1 START WITH 81 CACHE 20 NOORDER  NOCYCLE ;
--------------------------------------------------------
--  DDL for Table ALERTA_ACCIDENTE
--------------------------------------------------------

  CREATE TABLE "NOMASACCIDENTES"."ALERTA_ACCIDENTE" 
   (	"ID_ALERTA_ACCIDENTE" NUMBER(10,0), 
	"ID_REGISTRO_ACCIDENTE" NUMBER(10,0), 
	"RUT_CLIENTE" NUMBER(10,0), 
	"ID_REGISTRO_ACCIDENTES" NUMBER(10,0)
   ) SEGMENT CREATION IMMEDIATE 
  PCTFREE 10 PCTUSED 40 INITRANS 1 MAXTRANS 255 NOCOMPRESS LOGGING
  STORAGE(INITIAL 65536 NEXT 1048576 MINEXTENTS 1 MAXEXTENTS 2147483645
  PCTINCREASE 0 FREELISTS 1 FREELIST GROUPS 1 BUFFER_POOL DEFAULT FLASH_CACHE DEFAULT CELL_FLASH_CACHE DEFAULT)
  TABLESPACE "USERS" ;
--------------------------------------------------------
--  DDL for Table ALERTA_PROXIMO_PAGO
--------------------------------------------------------

  CREATE TABLE "NOMASACCIDENTES"."ALERTA_PROXIMO_PAGO" 
   (	"ID_ALERTA_PROXIMO_PAGO" NUMBER(10,0), 
	"FECHA_PAGO" DATE
   ) SEGMENT CREATION IMMEDIATE 
  PCTFREE 10 PCTUSED 40 INITRANS 1 MAXTRANS 255 NOCOMPRESS LOGGING
  STORAGE(INITIAL 65536 NEXT 1048576 MINEXTENTS 1 MAXEXTENTS 2147483645
  PCTINCREASE 0 FREELISTS 1 FREELIST GROUPS 1 BUFFER_POOL DEFAULT FLASH_CACHE DEFAULT CELL_FLASH_CACHE DEFAULT)
  TABLESPACE "USERS" ;
--------------------------------------------------------
--  DDL for Table ASESORIA
--------------------------------------------------------

  CREATE TABLE "NOMASACCIDENTES"."ASESORIA" 
   (	"ID_ASESORIA" NUMBER(10,0), 
	"DESCRIPCION" VARCHAR2(30 BYTE), 
	"ID_PLAN_MEJORAS" NUMBER(10,0)
   ) SEGMENT CREATION IMMEDIATE 
  PCTFREE 10 PCTUSED 40 INITRANS 1 MAXTRANS 255 NOCOMPRESS LOGGING
  STORAGE(INITIAL 65536 NEXT 1048576 MINEXTENTS 1 MAXEXTENTS 2147483645
  PCTINCREASE 0 FREELISTS 1 FREELIST GROUPS 1 BUFFER_POOL DEFAULT FLASH_CACHE DEFAULT CELL_FLASH_CACHE DEFAULT)
  TABLESPACE "USERS" ;
--------------------------------------------------------
--  DDL for Table CAPACITACION
--------------------------------------------------------

  CREATE TABLE "NOMASACCIDENTES"."CAPACITACION" 
   (	"ID_CAPACITACION" NUMBER(10,0), 
	"FECHA" DATE, 
	"HORA" VARCHAR2(8 BYTE), 
	"ID_PARTICIPANTE_CAPACITACION" NUMBER(10,0), 
	"ID_MATERIALES_CAPACITACION" NUMBER(10,0)
   ) SEGMENT CREATION IMMEDIATE 
  PCTFREE 10 PCTUSED 40 INITRANS 1 MAXTRANS 255 NOCOMPRESS LOGGING
  STORAGE(INITIAL 65536 NEXT 1048576 MINEXTENTS 1 MAXEXTENTS 2147483645
  PCTINCREASE 0 FREELISTS 1 FREELIST GROUPS 1 BUFFER_POOL DEFAULT FLASH_CACHE DEFAULT CELL_FLASH_CACHE DEFAULT)
  TABLESPACE "USERS" ;
--------------------------------------------------------
--  DDL for Table CASOS
--------------------------------------------------------

  CREATE TABLE "NOMASACCIDENTES"."CASOS" 
   (	"ID_CASOS" NUMBER(10,0), 
	"DESCRIPCION" VARCHAR2(30 BYTE), 
	"FECHA_CASO" DATE, 
	"FECHA_CIERRE" DATE, 
	"RESOLUCION" VARCHAR2(30 BYTE), 
	"ID_TIPO_CASO" NUMBER(10,0), 
	"ID_ESTADO_CASO" NUMBER(10,0), 
	"RUT_CLIENTE" NUMBER(10,0)
   ) SEGMENT CREATION IMMEDIATE 
  PCTFREE 10 PCTUSED 40 INITRANS 1 MAXTRANS 255 NOCOMPRESS LOGGING
  STORAGE(INITIAL 65536 NEXT 1048576 MINEXTENTS 1 MAXEXTENTS 2147483645
  PCTINCREASE 0 FREELISTS 1 FREELIST GROUPS 1 BUFFER_POOL DEFAULT FLASH_CACHE DEFAULT CELL_FLASH_CACHE DEFAULT)
  TABLESPACE "USERS" ;
--------------------------------------------------------
--  DDL for Table CLIENTE
--------------------------------------------------------

  CREATE TABLE "NOMASACCIDENTES"."CLIENTE" 
   (	"RUT_CLIENTE" NUMBER(10,0), 
	"NOMBRE_CLIENTE" VARCHAR2(30 BYTE), 
	"RAZON_SOCIAL" VARCHAR2(30 BYTE), 
	"CORREO_ELECTRONICO" VARCHAR2(30 BYTE), 
	"ID_USUARIO" NUMBER(10,0)
   ) SEGMENT CREATION IMMEDIATE 
  PCTFREE 10 PCTUSED 40 INITRANS 1 MAXTRANS 255 NOCOMPRESS LOGGING
  STORAGE(INITIAL 65536 NEXT 1048576 MINEXTENTS 1 MAXEXTENTS 2147483645
  PCTINCREASE 0 FREELISTS 1 FREELIST GROUPS 1 BUFFER_POOL DEFAULT FLASH_CACHE DEFAULT CELL_FLASH_CACHE DEFAULT)
  TABLESPACE "USERS" ;
--------------------------------------------------------
--  DDL for Table CONTRATO
--------------------------------------------------------

  CREATE TABLE "NOMASACCIDENTES"."CONTRATO" 
   (	"ID_CONTRATO" NUMBER(10,0), 
	"FECHA_CONTRATO" DATE, 
	"FECHA_VENCIMIENTO" DATE, 
	"MONTO_PACTADO" NUMBER(10,0), 
	"RUT_CLIENTE" NUMBER(10,0), 
	"ID_SERVICIOS_EN_CONTRATOS" NUMBER(10,0)
   ) SEGMENT CREATION IMMEDIATE 
  PCTFREE 10 PCTUSED 40 INITRANS 1 MAXTRANS 255 NOCOMPRESS LOGGING
  STORAGE(INITIAL 65536 NEXT 1048576 MINEXTENTS 1 MAXEXTENTS 2147483645
  PCTINCREASE 0 FREELISTS 1 FREELIST GROUPS 1 BUFFER_POOL DEFAULT FLASH_CACHE DEFAULT CELL_FLASH_CACHE DEFAULT)
  TABLESPACE "USERS" ;
--------------------------------------------------------
--  DDL for Table DETALLE_ACCIDENTE
--------------------------------------------------------

  CREATE TABLE "NOMASACCIDENTES"."DETALLE_ACCIDENTE" 
   (	"ID_DETALLE_ACCIDENTE" NUMBER(10,0), 
	"NOMBRE_ACCIDENTADO" VARCHAR2(30 BYTE), 
	"LUGAR_ACCIDENTE" VARCHAR2(30 BYTE), 
	"DESCRIPCION_ACCIDENTE" VARCHAR2(30 BYTE)
   ) SEGMENT CREATION IMMEDIATE 
  PCTFREE 10 PCTUSED 40 INITRANS 1 MAXTRANS 255 NOCOMPRESS LOGGING
  STORAGE(INITIAL 65536 NEXT 1048576 MINEXTENTS 1 MAXEXTENTS 2147483645
  PCTINCREASE 0 FREELISTS 1 FREELIST GROUPS 1 BUFFER_POOL DEFAULT FLASH_CACHE DEFAULT CELL_FLASH_CACHE DEFAULT)
  TABLESPACE "USERS" ;
--------------------------------------------------------
--  DDL for Table DETALLES_DOCUMENTOS
--------------------------------------------------------

  CREATE TABLE "NOMASACCIDENTES"."DETALLES_DOCUMENTOS" 
   (	"ID_DETALLES_DOCUMENTOS" NUMBER(10,0), 
	"DESCRIPCION" VARCHAR2(30 BYTE), 
	"VALOR_COBRADO" NUMBER(10,0), 
	"ID_DOCUMENTOS" NUMBER(10,0)
   ) SEGMENT CREATION IMMEDIATE 
  PCTFREE 10 PCTUSED 40 INITRANS 1 MAXTRANS 255 NOCOMPRESS LOGGING
  STORAGE(INITIAL 65536 NEXT 1048576 MINEXTENTS 1 MAXEXTENTS 2147483645
  PCTINCREASE 0 FREELISTS 1 FREELIST GROUPS 1 BUFFER_POOL DEFAULT FLASH_CACHE DEFAULT CELL_FLASH_CACHE DEFAULT)
  TABLESPACE "USERS" ;
--------------------------------------------------------
--  DDL for Table DOCUMENTOS
--------------------------------------------------------

  CREATE TABLE "NOMASACCIDENTES"."DOCUMENTOS" 
   (	"ID_DOCUMENTOS" NUMBER(10,0), 
	"DESCRIPCION" VARCHAR2(30 BYTE), 
	"FECHA_INICIO" DATE, 
	"FECHA_VENCIMIENTO" DATE, 
	"ID_MOROSIDAD" NUMBER(10,0), 
	"ID_TIPO_DOCUMENTO" NUMBER(10,0), 
	"ID_PAGOS" NUMBER(10,0)
   ) SEGMENT CREATION IMMEDIATE 
  PCTFREE 10 PCTUSED 40 INITRANS 1 MAXTRANS 255 NOCOMPRESS LOGGING
  STORAGE(INITIAL 65536 NEXT 1048576 MINEXTENTS 1 MAXEXTENTS 2147483645
  PCTINCREASE 0 FREELISTS 1 FREELIST GROUPS 1 BUFFER_POOL DEFAULT FLASH_CACHE DEFAULT CELL_FLASH_CACHE DEFAULT)
  TABLESPACE "USERS" ;
--------------------------------------------------------
--  DDL for Table ESTADO_CASO
--------------------------------------------------------

  CREATE TABLE "NOMASACCIDENTES"."ESTADO_CASO" 
   (	"ID_ESTADO_CASO" NUMBER(10,0), 
	"DESCRIPCION" VARCHAR2(30 BYTE)
   ) SEGMENT CREATION IMMEDIATE 
  PCTFREE 10 PCTUSED 40 INITRANS 1 MAXTRANS 255 NOCOMPRESS LOGGING
  STORAGE(INITIAL 65536 NEXT 1048576 MINEXTENTS 1 MAXEXTENTS 2147483645
  PCTINCREASE 0 FREELISTS 1 FREELIST GROUPS 1 BUFFER_POOL DEFAULT FLASH_CACHE DEFAULT CELL_FLASH_CACHE DEFAULT)
  TABLESPACE "USERS" ;
--------------------------------------------------------
--  DDL for Table ESTADO_INFORME
--------------------------------------------------------

  CREATE TABLE "NOMASACCIDENTES"."ESTADO_INFORME" 
   (	"ID_ESTADO_INFO" NUMBER(10,0), 
	"DESCRIPCION" VARCHAR2(10 BYTE)
   ) SEGMENT CREATION IMMEDIATE 
  PCTFREE 10 PCTUSED 40 INITRANS 1 MAXTRANS 255 NOCOMPRESS LOGGING
  STORAGE(INITIAL 65536 NEXT 1048576 MINEXTENTS 1 MAXEXTENTS 2147483645
  PCTINCREASE 0 FREELISTS 1 FREELIST GROUPS 1 BUFFER_POOL DEFAULT FLASH_CACHE DEFAULT CELL_FLASH_CACHE DEFAULT)
  TABLESPACE "USERS" ;
--------------------------------------------------------
--  DDL for Table ESTADO_SOLICITUDES
--------------------------------------------------------

  CREATE TABLE "NOMASACCIDENTES"."ESTADO_SOLICITUDES" 
   (	"ID_ESTADO_SOLICITUDES" NUMBER(10,0), 
	"DESCRIPCION" VARCHAR2(30 BYTE)
   ) SEGMENT CREATION IMMEDIATE 
  PCTFREE 10 PCTUSED 40 INITRANS 1 MAXTRANS 255 NOCOMPRESS LOGGING
  STORAGE(INITIAL 65536 NEXT 1048576 MINEXTENTS 1 MAXEXTENTS 2147483645
  PCTINCREASE 0 FREELISTS 1 FREELIST GROUPS 1 BUFFER_POOL DEFAULT FLASH_CACHE DEFAULT CELL_FLASH_CACHE DEFAULT)
  TABLESPACE "USERS" ;
--------------------------------------------------------
--  DDL for Table ESTADO_USUARIOS
--------------------------------------------------------

  CREATE TABLE "NOMASACCIDENTES"."ESTADO_USUARIOS" 
   (	"ID_ESTADO_USUARIOS" NUMBER(10,0), 
	"DESCRIPCION" VARCHAR2(30 BYTE)
   ) SEGMENT CREATION IMMEDIATE 
  PCTFREE 10 PCTUSED 40 INITRANS 1 MAXTRANS 255 NOCOMPRESS LOGGING
  STORAGE(INITIAL 65536 NEXT 1048576 MINEXTENTS 1 MAXEXTENTS 2147483645
  PCTINCREASE 0 FREELISTS 1 FREELIST GROUPS 1 BUFFER_POOL DEFAULT FLASH_CACHE DEFAULT CELL_FLASH_CACHE DEFAULT)
  TABLESPACE "USERS" ;
--------------------------------------------------------
--  DDL for Table INFORME
--------------------------------------------------------

  CREATE TABLE "NOMASACCIDENTES"."INFORME" 
   (	"ID_INFORME" NUMBER(10,0), 
	"DESCRIPCION" VARCHAR2(30 BYTE), 
	"ID_ESTADO_INFO" NUMBER(10,0), 
	"FECHA" DATE, 
	"RUT_PROFESIONAL" NUMBER(10,0), 
	"RUT_CLIENTE" NUMBER(10,0), 
	"ID_PLANILLA" NUMBER(10,0)
   ) SEGMENT CREATION IMMEDIATE 
  PCTFREE 10 PCTUSED 40 INITRANS 1 MAXTRANS 255 NOCOMPRESS LOGGING
  STORAGE(INITIAL 65536 NEXT 1048576 MINEXTENTS 1 MAXEXTENTS 2147483645
  PCTINCREASE 0 FREELISTS 1 FREELIST GROUPS 1 BUFFER_POOL DEFAULT FLASH_CACHE DEFAULT CELL_FLASH_CACHE DEFAULT)
  TABLESPACE "USERS" ;
--------------------------------------------------------
--  DDL for Table LISTA
--------------------------------------------------------

  CREATE TABLE "NOMASACCIDENTES"."LISTA" 
   (	"ID_LISTA" NUMBER(10,0), 
	"DESCRIPCION" VARCHAR2(30 BYTE)
   ) SEGMENT CREATION IMMEDIATE 
  PCTFREE 10 PCTUSED 40 INITRANS 1 MAXTRANS 255 NOCOMPRESS LOGGING
  STORAGE(INITIAL 65536 NEXT 1048576 MINEXTENTS 1 MAXEXTENTS 2147483645
  PCTINCREASE 0 FREELISTS 1 FREELIST GROUPS 1 BUFFER_POOL DEFAULT FLASH_CACHE DEFAULT CELL_FLASH_CACHE DEFAULT)
  TABLESPACE "USERS" ;
--------------------------------------------------------
--  DDL for Table MATERIALES
--------------------------------------------------------

  CREATE TABLE "NOMASACCIDENTES"."MATERIALES" 
   (	"ID_MATERIALES" NUMBER(10,0), 
	"NOMBRE_MATERIAL" VARCHAR2(30 BYTE)
   ) SEGMENT CREATION IMMEDIATE 
  PCTFREE 10 PCTUSED 40 INITRANS 1 MAXTRANS 255 NOCOMPRESS LOGGING
  STORAGE(INITIAL 65536 NEXT 1048576 MINEXTENTS 1 MAXEXTENTS 2147483645
  PCTINCREASE 0 FREELISTS 1 FREELIST GROUPS 1 BUFFER_POOL DEFAULT FLASH_CACHE DEFAULT CELL_FLASH_CACHE DEFAULT)
  TABLESPACE "USERS" ;
--------------------------------------------------------
--  DDL for Table MATERIALES_EN_CAPACITACION
--------------------------------------------------------

  CREATE TABLE "NOMASACCIDENTES"."MATERIALES_EN_CAPACITACION" 
   (	"ID_MATERIALES_CAPACITACION" NUMBER(10,0), 
	"CANTIDAD" NUMBER(3,0), 
	"ID_MATERIALES" NUMBER(10,0)
   ) SEGMENT CREATION IMMEDIATE 
  PCTFREE 10 PCTUSED 40 INITRANS 1 MAXTRANS 255 NOCOMPRESS LOGGING
  STORAGE(INITIAL 65536 NEXT 1048576 MINEXTENTS 1 MAXEXTENTS 2147483645
  PCTINCREASE 0 FREELISTS 1 FREELIST GROUPS 1 BUFFER_POOL DEFAULT FLASH_CACHE DEFAULT CELL_FLASH_CACHE DEFAULT)
  TABLESPACE "USERS" ;
--------------------------------------------------------
--  DDL for Table MEJORAS
--------------------------------------------------------

  CREATE TABLE "NOMASACCIDENTES"."MEJORAS" 
   (	"ID_MEJORAS" NUMBER(10,0), 
	"DESCRIPCION" VARCHAR2(30 BYTE)
   ) SEGMENT CREATION IMMEDIATE 
  PCTFREE 10 PCTUSED 40 INITRANS 1 MAXTRANS 255 NOCOMPRESS LOGGING
  STORAGE(INITIAL 65536 NEXT 1048576 MINEXTENTS 1 MAXEXTENTS 2147483645
  PCTINCREASE 0 FREELISTS 1 FREELIST GROUPS 1 BUFFER_POOL DEFAULT FLASH_CACHE DEFAULT CELL_FLASH_CACHE DEFAULT)
  TABLESPACE "USERS" ;
--------------------------------------------------------
--  DDL for Table METODOS_PAGOS
--------------------------------------------------------

  CREATE TABLE "NOMASACCIDENTES"."METODOS_PAGOS" 
   (	"ID_METODOS_PAGOS" NUMBER(10,0), 
	"DESCRIPCION" VARCHAR2(30 BYTE)
   ) SEGMENT CREATION IMMEDIATE 
  PCTFREE 10 PCTUSED 40 INITRANS 1 MAXTRANS 255 NOCOMPRESS LOGGING
  STORAGE(INITIAL 65536 NEXT 1048576 MINEXTENTS 1 MAXEXTENTS 2147483645
  PCTINCREASE 0 FREELISTS 1 FREELIST GROUPS 1 BUFFER_POOL DEFAULT FLASH_CACHE DEFAULT CELL_FLASH_CACHE DEFAULT)
  TABLESPACE "USERS" ;
--------------------------------------------------------
--  DDL for Table MOROSIDAD
--------------------------------------------------------

  CREATE TABLE "NOMASACCIDENTES"."MOROSIDAD" 
   (	"ID_MOROSIDAD" NUMBER(10,0), 
	"CANTIDAD_PENDIENTE" NUMBER(10,0)
   ) SEGMENT CREATION IMMEDIATE 
  PCTFREE 10 PCTUSED 40 INITRANS 1 MAXTRANS 255 NOCOMPRESS LOGGING
  STORAGE(INITIAL 65536 NEXT 1048576 MINEXTENTS 1 MAXEXTENTS 2147483645
  PCTINCREASE 0 FREELISTS 1 FREELIST GROUPS 1 BUFFER_POOL DEFAULT FLASH_CACHE DEFAULT CELL_FLASH_CACHE DEFAULT)
  TABLESPACE "USERS" ;
--------------------------------------------------------
--  DDL for Table PAGOS
--------------------------------------------------------

  CREATE TABLE "NOMASACCIDENTES"."PAGOS" 
   (	"ID_PAGOS" NUMBER(10,0), 
	"CUOTA" NUMBER(2,0), 
	"MONTO_CUOTA" NUMBER(9,0), 
	"ID_ALERTA_PROXIMO_PAGO" NUMBER(10,0), 
	"ID_METODOS_PAGOS" NUMBER(10,0)
   ) SEGMENT CREATION IMMEDIATE 
  PCTFREE 10 PCTUSED 40 INITRANS 1 MAXTRANS 255 NOCOMPRESS LOGGING
  STORAGE(INITIAL 65536 NEXT 1048576 MINEXTENTS 1 MAXEXTENTS 2147483645
  PCTINCREASE 0 FREELISTS 1 FREELIST GROUPS 1 BUFFER_POOL DEFAULT FLASH_CACHE DEFAULT CELL_FLASH_CACHE DEFAULT)
  TABLESPACE "USERS" ;
--------------------------------------------------------
--  DDL for Table PARTICIPANTE_CAPACITACION
--------------------------------------------------------

  CREATE TABLE "NOMASACCIDENTES"."PARTICIPANTE_CAPACITACION" 
   (	"ID_PARTICIPANTE_CAPACITACION" NUMBER(10,0), 
	"CONFIRMA_ASISTENCIA" CHAR(1 BYTE), 
	"RUT_PARTICIPANTE" NUMBER(10,0)
   ) SEGMENT CREATION IMMEDIATE 
  PCTFREE 10 PCTUSED 40 INITRANS 1 MAXTRANS 255 NOCOMPRESS LOGGING
  STORAGE(INITIAL 65536 NEXT 1048576 MINEXTENTS 1 MAXEXTENTS 2147483645
  PCTINCREASE 0 FREELISTS 1 FREELIST GROUPS 1 BUFFER_POOL DEFAULT FLASH_CACHE DEFAULT CELL_FLASH_CACHE DEFAULT)
  TABLESPACE "USERS" ;
--------------------------------------------------------
--  DDL for Table PARTICIPANTES
--------------------------------------------------------

  CREATE TABLE "NOMASACCIDENTES"."PARTICIPANTES" 
   (	"RUT_PARTICIPANTE" NUMBER(10,0), 
	"NOMBRE_COMPLETO" VARCHAR2(30 BYTE), 
	"CORREO_ELECTRONICO" VARCHAR2(30 BYTE)
   ) SEGMENT CREATION IMMEDIATE 
  PCTFREE 10 PCTUSED 40 INITRANS 1 MAXTRANS 255 NOCOMPRESS LOGGING
  STORAGE(INITIAL 65536 NEXT 1048576 MINEXTENTS 1 MAXEXTENTS 2147483645
  PCTINCREASE 0 FREELISTS 1 FREELIST GROUPS 1 BUFFER_POOL DEFAULT FLASH_CACHE DEFAULT CELL_FLASH_CACHE DEFAULT)
  TABLESPACE "USERS" ;
--------------------------------------------------------
--  DDL for Table PLANILLA
--------------------------------------------------------

  CREATE TABLE "NOMASACCIDENTES"."PLANILLA" 
   (	"ID_PLANILLA" NUMBER(10,0), 
	"DESCRIPCION" VARCHAR2(30 BYTE), 
	"RUT_CLIENTE" NUMBER(10,0)
   ) SEGMENT CREATION IMMEDIATE 
  PCTFREE 10 PCTUSED 40 INITRANS 1 MAXTRANS 255 NOCOMPRESS LOGGING
  STORAGE(INITIAL 65536 NEXT 1048576 MINEXTENTS 1 MAXEXTENTS 2147483645
  PCTINCREASE 0 FREELISTS 1 FREELIST GROUPS 1 BUFFER_POOL DEFAULT FLASH_CACHE DEFAULT CELL_FLASH_CACHE DEFAULT)
  TABLESPACE "USERS" ;
--------------------------------------------------------
--  DDL for Table PLAN_MEJORAS
--------------------------------------------------------

  CREATE TABLE "NOMASACCIDENTES"."PLAN_MEJORAS" 
   (	"ID_PLAN_MEJORAS" NUMBER(10,0), 
	"DESCRIPCION" VARCHAR2(30 BYTE), 
	"ID_MEJORAS" NUMBER(10,0)
   ) SEGMENT CREATION IMMEDIATE 
  PCTFREE 10 PCTUSED 40 INITRANS 1 MAXTRANS 255 NOCOMPRESS LOGGING
  STORAGE(INITIAL 65536 NEXT 1048576 MINEXTENTS 1 MAXEXTENTS 2147483645
  PCTINCREASE 0 FREELISTS 1 FREELIST GROUPS 1 BUFFER_POOL DEFAULT FLASH_CACHE DEFAULT CELL_FLASH_CACHE DEFAULT)
  TABLESPACE "USERS" ;
--------------------------------------------------------
--  DDL for Table PROFESIONAL
--------------------------------------------------------

  CREATE TABLE "NOMASACCIDENTES"."PROFESIONAL" 
   (	"RUT_PROFESIONAL" NUMBER(10,0), 
	"NOMBRE_PROFESIONAL" VARCHAR2(30 BYTE), 
	"ID_USUARIO" NUMBER(10,0)
   ) SEGMENT CREATION IMMEDIATE 
  PCTFREE 10 PCTUSED 40 INITRANS 1 MAXTRANS 255 NOCOMPRESS LOGGING
  STORAGE(INITIAL 65536 NEXT 1048576 MINEXTENTS 1 MAXEXTENTS 2147483645
  PCTINCREASE 0 FREELISTS 1 FREELIST GROUPS 1 BUFFER_POOL DEFAULT FLASH_CACHE DEFAULT CELL_FLASH_CACHE DEFAULT)
  TABLESPACE "USERS" ;
--------------------------------------------------------
--  DDL for Table REGISTRO_ACCIDENTES
--------------------------------------------------------

  CREATE TABLE "NOMASACCIDENTES"."REGISTRO_ACCIDENTES" 
   (	"ID_REGISTRO_ACCIDENTES" NUMBER(10,0), 
	"FECHA_ACCIDENTE" VARCHAR2(30 BYTE), 
	"ID_DETALLE_ACCIDENTE" NUMBER(10,0)
   ) SEGMENT CREATION IMMEDIATE 
  PCTFREE 10 PCTUSED 40 INITRANS 1 MAXTRANS 255 NOCOMPRESS LOGGING
  STORAGE(INITIAL 65536 NEXT 1048576 MINEXTENTS 1 MAXEXTENTS 2147483645
  PCTINCREASE 0 FREELISTS 1 FREELIST GROUPS 1 BUFFER_POOL DEFAULT FLASH_CACHE DEFAULT CELL_FLASH_CACHE DEFAULT)
  TABLESPACE "USERS" ;
--------------------------------------------------------
--  DDL for Table REGISTRO_ACTIVIDADES
--------------------------------------------------------

  CREATE TABLE "NOMASACCIDENTES"."REGISTRO_ACTIVIDADES" 
   (	"ID_REGISTRO_ACTIVIDADES" NUMBER(10,0), 
	"ID_SOLICITUD" NUMBER(10,0), 
	"RUT_PROFESIONAL" NUMBER(10,0), 
	"RUT_CLIENTE" NUMBER(10,0)
   ) SEGMENT CREATION IMMEDIATE 
  PCTFREE 10 PCTUSED 40 INITRANS 1 MAXTRANS 255 NOCOMPRESS LOGGING
  STORAGE(INITIAL 65536 NEXT 1048576 MINEXTENTS 1 MAXEXTENTS 2147483645
  PCTINCREASE 0 FREELISTS 1 FREELIST GROUPS 1 BUFFER_POOL DEFAULT FLASH_CACHE DEFAULT CELL_FLASH_CACHE DEFAULT)
  TABLESPACE "USERS" ;
--------------------------------------------------------
--  DDL for Table ROLES_USUARIOS
--------------------------------------------------------

  CREATE TABLE "NOMASACCIDENTES"."ROLES_USUARIOS" 
   (	"ID_ROLES_USUARIOS" NUMBER(10,0), 
	"DESCRIPCION" VARCHAR2(30 BYTE)
   ) SEGMENT CREATION IMMEDIATE 
  PCTFREE 10 PCTUSED 40 INITRANS 1 MAXTRANS 255 NOCOMPRESS LOGGING
  STORAGE(INITIAL 65536 NEXT 1048576 MINEXTENTS 1 MAXEXTENTS 2147483645
  PCTINCREASE 0 FREELISTS 1 FREELIST GROUPS 1 BUFFER_POOL DEFAULT FLASH_CACHE DEFAULT CELL_FLASH_CACHE DEFAULT)
  TABLESPACE "USERS" ;
--------------------------------------------------------
--  DDL for Table SERVICIOS
--------------------------------------------------------

  CREATE TABLE "NOMASACCIDENTES"."SERVICIOS" 
   (	"ID_SERVICIOS" NUMBER(10,0), 
	"VALOR_SERVICIO" VARCHAR2(30 BYTE), 
	"FECHA_VIGENCIA" DATE, 
	"FECHA_SERVICIODATE" DATE, 
	"ID_DETALLES_DOCUMENTOS" NUMBER(10,0)
   ) SEGMENT CREATION IMMEDIATE 
  PCTFREE 10 PCTUSED 40 INITRANS 1 MAXTRANS 255 NOCOMPRESS LOGGING
  STORAGE(INITIAL 65536 NEXT 1048576 MINEXTENTS 1 MAXEXTENTS 2147483645
  PCTINCREASE 0 FREELISTS 1 FREELIST GROUPS 1 BUFFER_POOL DEFAULT FLASH_CACHE DEFAULT CELL_FLASH_CACHE DEFAULT)
  TABLESPACE "USERS" ;
--------------------------------------------------------
--  DDL for Table SERVICIOS_EN_CONTRATOS
--------------------------------------------------------

  CREATE TABLE "NOMASACCIDENTES"."SERVICIOS_EN_CONTRATOS" 
   (	"ID_SERVICIOS_EN_CONTRATOS" NUMBER(10,0), 
	"FECHA_INICIO" DATE, 
	"FECHA_FIN" DATE, 
	"ID_SERVICIOS" NUMBER(10,0)
   ) SEGMENT CREATION IMMEDIATE 
  PCTFREE 10 PCTUSED 40 INITRANS 1 MAXTRANS 255 NOCOMPRESS LOGGING
  STORAGE(INITIAL 65536 NEXT 1048576 MINEXTENTS 1 MAXEXTENTS 2147483645
  PCTINCREASE 0 FREELISTS 1 FREELIST GROUPS 1 BUFFER_POOL DEFAULT FLASH_CACHE DEFAULT CELL_FLASH_CACHE DEFAULT)
  TABLESPACE "USERS" ;
--------------------------------------------------------
--  DDL for Table SOLICITUDES
--------------------------------------------------------

  CREATE TABLE "NOMASACCIDENTES"."SOLICITUDES" 
   (	"ID_SOLICITUD" NUMBER(10,0), 
	"DESCRIPCION" VARCHAR2(30 BYTE), 
	"FECHA_SOLICITUD" DATE, 
	"FECHA_CIERRE" DATE, 
	"RESOLUCION" VARCHAR2(30 BYTE), 
	"ID_TIPO_SOLICITUDES" NUMBER(10,0), 
	"RUT_CLIENTE" NUMBER(10,0), 
	"ID_ESTADO_SOLICITUDES" NUMBER(10,0)
   ) SEGMENT CREATION IMMEDIATE 
  PCTFREE 10 PCTUSED 40 INITRANS 1 MAXTRANS 255 NOCOMPRESS LOGGING
  STORAGE(INITIAL 65536 NEXT 1048576 MINEXTENTS 1 MAXEXTENTS 2147483645
  PCTINCREASE 0 FREELISTS 1 FREELIST GROUPS 1 BUFFER_POOL DEFAULT FLASH_CACHE DEFAULT CELL_FLASH_CACHE DEFAULT)
  TABLESPACE "USERS" ;
--------------------------------------------------------
--  DDL for Table TIPO_CASO
--------------------------------------------------------

  CREATE TABLE "NOMASACCIDENTES"."TIPO_CASO" 
   (	"ID_TIPO_CASO" NUMBER(10,0), 
	"DESCRIPCION" VARCHAR2(30 BYTE)
   ) SEGMENT CREATION IMMEDIATE 
  PCTFREE 10 PCTUSED 40 INITRANS 1 MAXTRANS 255 NOCOMPRESS LOGGING
  STORAGE(INITIAL 65536 NEXT 1048576 MINEXTENTS 1 MAXEXTENTS 2147483645
  PCTINCREASE 0 FREELISTS 1 FREELIST GROUPS 1 BUFFER_POOL DEFAULT FLASH_CACHE DEFAULT CELL_FLASH_CACHE DEFAULT)
  TABLESPACE "USERS" ;
--------------------------------------------------------
--  DDL for Table TIPO_DOCUMENTO
--------------------------------------------------------

  CREATE TABLE "NOMASACCIDENTES"."TIPO_DOCUMENTO" 
   (	"ID_TIPO_DOCUMENTO" NUMBER(10,0), 
	"DESCRIPCION" VARCHAR2(30 BYTE)
   ) SEGMENT CREATION IMMEDIATE 
  PCTFREE 10 PCTUSED 40 INITRANS 1 MAXTRANS 255 NOCOMPRESS LOGGING
  STORAGE(INITIAL 65536 NEXT 1048576 MINEXTENTS 1 MAXEXTENTS 2147483645
  PCTINCREASE 0 FREELISTS 1 FREELIST GROUPS 1 BUFFER_POOL DEFAULT FLASH_CACHE DEFAULT CELL_FLASH_CACHE DEFAULT)
  TABLESPACE "USERS" ;
--------------------------------------------------------
--  DDL for Table TIPO_SOLICITUDES
--------------------------------------------------------

  CREATE TABLE "NOMASACCIDENTES"."TIPO_SOLICITUDES" 
   (	"ID_TIPO_SOLICITUDES" NUMBER(10,0), 
	"DESCRIPCION" VARCHAR2(30 BYTE)
   ) SEGMENT CREATION IMMEDIATE 
  PCTFREE 10 PCTUSED 40 INITRANS 1 MAXTRANS 255 NOCOMPRESS LOGGING
  STORAGE(INITIAL 65536 NEXT 1048576 MINEXTENTS 1 MAXEXTENTS 2147483645
  PCTINCREASE 0 FREELISTS 1 FREELIST GROUPS 1 BUFFER_POOL DEFAULT FLASH_CACHE DEFAULT CELL_FLASH_CACHE DEFAULT)
  TABLESPACE "USERS" ;
--------------------------------------------------------
--  DDL for Table USUARIO
--------------------------------------------------------

  CREATE TABLE "NOMASACCIDENTES"."USUARIO" 
   (	"ID_USUARIO" NUMBER(10,0), 
	"NOMBRE_USUARIO" VARCHAR2(30 BYTE), 
	"CONTRASENA" VARCHAR2(30 BYTE), 
	"ID_ROLES_USUARIOS" NUMBER(10,0), 
	"ID_ESTADO_USUARIOS" NUMBER(10,0)
   ) SEGMENT CREATION IMMEDIATE 
  PCTFREE 10 PCTUSED 40 INITRANS 1 MAXTRANS 255 NOCOMPRESS LOGGING
  STORAGE(INITIAL 65536 NEXT 1048576 MINEXTENTS 1 MAXEXTENTS 2147483645
  PCTINCREASE 0 FREELISTS 1 FREELIST GROUPS 1 BUFFER_POOL DEFAULT FLASH_CACHE DEFAULT CELL_FLASH_CACHE DEFAULT)
  TABLESPACE "USERS" ;
--------------------------------------------------------
--  DDL for Table VISITA
--------------------------------------------------------

  CREATE TABLE "NOMASACCIDENTES"."VISITA" 
   (	"ID_VISITA" NUMBER(10,0), 
	"FECHA" DATE, 
	"HORA" VARCHAR2(8 BYTE), 
	"ID_LISTA" NUMBER(10,0)
   ) SEGMENT CREATION IMMEDIATE 
  PCTFREE 10 PCTUSED 40 INITRANS 1 MAXTRANS 255 NOCOMPRESS LOGGING
  STORAGE(INITIAL 65536 NEXT 1048576 MINEXTENTS 1 MAXEXTENTS 2147483645
  PCTINCREASE 0 FREELISTS 1 FREELIST GROUPS 1 BUFFER_POOL DEFAULT FLASH_CACHE DEFAULT CELL_FLASH_CACHE DEFAULT)
  TABLESPACE "USERS" ;
REM INSERTING into NOMASACCIDENTES.ALERTA_ACCIDENTE
SET DEFINE OFF;
REM INSERTING into NOMASACCIDENTES.ALERTA_PROXIMO_PAGO
SET DEFINE OFF;
REM INSERTING into NOMASACCIDENTES.ASESORIA
SET DEFINE OFF;
REM INSERTING into NOMASACCIDENTES.CAPACITACION
SET DEFINE OFF;
REM INSERTING into NOMASACCIDENTES.CASOS
SET DEFINE OFF;
REM INSERTING into NOMASACCIDENTES.CLIENTE
SET DEFINE OFF;
Insert into NOMASACCIDENTES.CLIENTE (RUT_CLIENTE,NOMBRE_CLIENTE,RAZON_SOCIAL,CORREO_ELECTRONICO,ID_USUARIO) values ('123123','Matias','Minero','gutier@gmail','8');
REM INSERTING into NOMASACCIDENTES.CONTRATO
SET DEFINE OFF;
Insert into NOMASACCIDENTES.CONTRATO (ID_CONTRATO,FECHA_CONTRATO,FECHA_VENCIMIENTO,MONTO_PACTADO,RUT_CLIENTE,ID_SERVICIOS_EN_CONTRATOS) values ('1',to_date('04-11-2021 19:40:10','DD-MM-YYYY HH24:MI:SS'),to_date('04-11-2022 19:40:10','DD-MM-YYYY HH24:MI:SS'),'120000','123123',null);
REM INSERTING into NOMASACCIDENTES.DETALLE_ACCIDENTE
SET DEFINE OFF;
REM INSERTING into NOMASACCIDENTES.DETALLES_DOCUMENTOS
SET DEFINE OFF;
REM INSERTING into NOMASACCIDENTES.DOCUMENTOS
SET DEFINE OFF;
REM INSERTING into NOMASACCIDENTES.ESTADO_CASO
SET DEFINE OFF;
Insert into NOMASACCIDENTES.ESTADO_CASO (ID_ESTADO_CASO,DESCRIPCION) values ('1','Activo');
Insert into NOMASACCIDENTES.ESTADO_CASO (ID_ESTADO_CASO,DESCRIPCION) values ('2','Desactivado');
REM INSERTING into NOMASACCIDENTES.ESTADO_INFORME
SET DEFINE OFF;
Insert into NOMASACCIDENTES.ESTADO_INFORME (ID_ESTADO_INFO,DESCRIPCION) values ('1','APROBADO');
Insert into NOMASACCIDENTES.ESTADO_INFORME (ID_ESTADO_INFO,DESCRIPCION) values ('2','REPROBADO');
REM INSERTING into NOMASACCIDENTES.ESTADO_SOLICITUDES
SET DEFINE OFF;
Insert into NOMASACCIDENTES.ESTADO_SOLICITUDES (ID_ESTADO_SOLICITUDES,DESCRIPCION) values ('1','CREADO');
Insert into NOMASACCIDENTES.ESTADO_SOLICITUDES (ID_ESTADO_SOLICITUDES,DESCRIPCION) values ('2','PENDIENTE');
Insert into NOMASACCIDENTES.ESTADO_SOLICITUDES (ID_ESTADO_SOLICITUDES,DESCRIPCION) values ('3','FINALIZADO');
REM INSERTING into NOMASACCIDENTES.ESTADO_USUARIOS
SET DEFINE OFF;
Insert into NOMASACCIDENTES.ESTADO_USUARIOS (ID_ESTADO_USUARIOS,DESCRIPCION) values ('1','Activo');
Insert into NOMASACCIDENTES.ESTADO_USUARIOS (ID_ESTADO_USUARIOS,DESCRIPCION) values ('2','Desactivado');
REM INSERTING into NOMASACCIDENTES.INFORME
SET DEFINE OFF;
Insert into NOMASACCIDENTES.INFORME (ID_INFORME,DESCRIPCION,ID_ESTADO_INFO,FECHA,RUT_PROFESIONAL,RUT_CLIENTE,ID_PLANILLA) values ('2','Cajoneras en perfecto estado','1',to_date('30-11-2021 16:38:12','DD-MM-YYYY HH24:MI:SS'),'245124512','123123','1');
Insert into NOMASACCIDENTES.INFORME (ID_INFORME,DESCRIPCION,ID_ESTADO_INFO,FECHA,RUT_PROFESIONAL,RUT_CLIENTE,ID_PLANILLA) values ('5','Revisar instalaciones','1',to_date('30-11-2021 16:38:20','DD-MM-YYYY HH24:MI:SS'),'245124512','123123','1');
Insert into NOMASACCIDENTES.INFORME (ID_INFORME,DESCRIPCION,ID_ESTADO_INFO,FECHA,RUT_PROFESIONAL,RUT_CLIENTE,ID_PLANILLA) values ('6','Revisar instalaciones','1',to_date('30-11-2021 16:38:33','DD-MM-YYYY HH24:MI:SS'),'245124512','123123','1');
Insert into NOMASACCIDENTES.INFORME (ID_INFORME,DESCRIPCION,ID_ESTADO_INFO,FECHA,RUT_PROFESIONAL,RUT_CLIENTE,ID_PLANILLA) values ('21','Busquedad','1',to_date('30-11-2021 16:38:38','DD-MM-YYYY HH24:MI:SS'),'245124512','123123','1');
Insert into NOMASACCIDENTES.INFORME (ID_INFORME,DESCRIPCION,ID_ESTADO_INFO,FECHA,RUT_PROFESIONAL,RUT_CLIENTE,ID_PLANILLA) values ('22','Revisar instalaciones','1',to_date('26-11-2021 23:59:30','DD-MM-YYYY HH24:MI:SS'),'245124512','123123','41');
REM INSERTING into NOMASACCIDENTES.LISTA
SET DEFINE OFF;
REM INSERTING into NOMASACCIDENTES.MATERIALES
SET DEFINE OFF;
REM INSERTING into NOMASACCIDENTES.MATERIALES_EN_CAPACITACION
SET DEFINE OFF;
REM INSERTING into NOMASACCIDENTES.MEJORAS
SET DEFINE OFF;
REM INSERTING into NOMASACCIDENTES.METODOS_PAGOS
SET DEFINE OFF;
Insert into NOMASACCIDENTES.METODOS_PAGOS (ID_METODOS_PAGOS,DESCRIPCION) values ('1','EFECTIVO');
Insert into NOMASACCIDENTES.METODOS_PAGOS (ID_METODOS_PAGOS,DESCRIPCION) values ('2','DEBITO');
Insert into NOMASACCIDENTES.METODOS_PAGOS (ID_METODOS_PAGOS,DESCRIPCION) values ('3','CREDITO');
REM INSERTING into NOMASACCIDENTES.MOROSIDAD
SET DEFINE OFF;
REM INSERTING into NOMASACCIDENTES.PAGOS
SET DEFINE OFF;
REM INSERTING into NOMASACCIDENTES.PARTICIPANTE_CAPACITACION
SET DEFINE OFF;
REM INSERTING into NOMASACCIDENTES.PARTICIPANTES
SET DEFINE OFF;
REM INSERTING into NOMASACCIDENTES.PLANILLA
SET DEFINE OFF;
Insert into NOMASACCIDENTES.PLANILLA (ID_PLANILLA,DESCRIPCION,RUT_CLIENTE) values ('1','Cambiar chapa','123123');
Insert into NOMASACCIDENTES.PLANILLA (ID_PLANILLA,DESCRIPCION,RUT_CLIENTE) values ('28','Third Try','123123');
Insert into NOMASACCIDENTES.PLANILLA (ID_PLANILLA,DESCRIPCION,RUT_CLIENTE) values ('42','escala','123123');
Insert into NOMASACCIDENTES.PLANILLA (ID_PLANILLA,DESCRIPCION,RUT_CLIENTE) values ('41','Intentojiji','123123');
REM INSERTING into NOMASACCIDENTES.PLAN_MEJORAS
SET DEFINE OFF;
REM INSERTING into NOMASACCIDENTES.PROFESIONAL
SET DEFINE OFF;
Insert into NOMASACCIDENTES.PROFESIONAL (RUT_PROFESIONAL,NOMBRE_PROFESIONAL,ID_USUARIO) values ('245124512','Raul','21');
REM INSERTING into NOMASACCIDENTES.REGISTRO_ACCIDENTES
SET DEFINE OFF;
REM INSERTING into NOMASACCIDENTES.REGISTRO_ACTIVIDADES
SET DEFINE OFF;
Insert into NOMASACCIDENTES.REGISTRO_ACTIVIDADES (ID_REGISTRO_ACTIVIDADES,ID_SOLICITUD,RUT_PROFESIONAL,RUT_CLIENTE) values ('48','51','245124512','123123');
Insert into NOMASACCIDENTES.REGISTRO_ACTIVIDADES (ID_REGISTRO_ACTIVIDADES,ID_SOLICITUD,RUT_PROFESIONAL,RUT_CLIENTE) values ('49','52','245124512','123123');
Insert into NOMASACCIDENTES.REGISTRO_ACTIVIDADES (ID_REGISTRO_ACTIVIDADES,ID_SOLICITUD,RUT_PROFESIONAL,RUT_CLIENTE) values ('61','61','245124512','123123');
Insert into NOMASACCIDENTES.REGISTRO_ACTIVIDADES (ID_REGISTRO_ACTIVIDADES,ID_SOLICITUD,RUT_PROFESIONAL,RUT_CLIENTE) values ('50','53','245124512','123123');
Insert into NOMASACCIDENTES.REGISTRO_ACTIVIDADES (ID_REGISTRO_ACTIVIDADES,ID_SOLICITUD,RUT_PROFESIONAL,RUT_CLIENTE) values ('43','43','245124512','123123');
Insert into NOMASACCIDENTES.REGISTRO_ACTIVIDADES (ID_REGISTRO_ACTIVIDADES,ID_SOLICITUD,RUT_PROFESIONAL,RUT_CLIENTE) values ('44','44','245124512','123123');
REM INSERTING into NOMASACCIDENTES.ROLES_USUARIOS
SET DEFINE OFF;
Insert into NOMASACCIDENTES.ROLES_USUARIOS (ID_ROLES_USUARIOS,DESCRIPCION) values ('1','Administrador');
Insert into NOMASACCIDENTES.ROLES_USUARIOS (ID_ROLES_USUARIOS,DESCRIPCION) values ('2','Cliente');
Insert into NOMASACCIDENTES.ROLES_USUARIOS (ID_ROLES_USUARIOS,DESCRIPCION) values ('3','Profesional');
REM INSERTING into NOMASACCIDENTES.SERVICIOS
SET DEFINE OFF;
REM INSERTING into NOMASACCIDENTES.SERVICIOS_EN_CONTRATOS
SET DEFINE OFF;
REM INSERTING into NOMASACCIDENTES.SOLICITUDES
SET DEFINE OFF;
Insert into NOMASACCIDENTES.SOLICITUDES (ID_SOLICITUD,DESCRIPCION,FECHA_SOLICITUD,FECHA_CIERRE,RESOLUCION,ID_TIPO_SOLICITUDES,RUT_CLIENTE,ID_ESTADO_SOLICITUDES) values ('51','INICIO DE SOLICITUD',to_date('23-11-2021 00:00:00','DD-MM-YYYY HH24:MI:SS'),to_date('30-11-2021 00:00:00','DD-MM-YYYY HH24:MI:SS'),'Error al generar la peticion','2','123123','3');
Insert into NOMASACCIDENTES.SOLICITUDES (ID_SOLICITUD,DESCRIPCION,FECHA_SOLICITUD,FECHA_CIERRE,RESOLUCION,ID_TIPO_SOLICITUDES,RUT_CLIENTE,ID_ESTADO_SOLICITUDES) values ('52','INICIO DE SOLICITUD',to_date('01-12-2021 00:00:00','DD-MM-YYYY HH24:MI:SS'),to_date('12-12-2021 00:00:00','DD-MM-YYYY HH24:MI:SS'),'Finalizado','1','123123','3');
Insert into NOMASACCIDENTES.SOLICITUDES (ID_SOLICITUD,DESCRIPCION,FECHA_SOLICITUD,FECHA_CIERRE,RESOLUCION,ID_TIPO_SOLICITUDES,RUT_CLIENTE,ID_ESTADO_SOLICITUDES) values ('61','INICIO DE SOLICITUD',to_date('02-12-2021 00:00:00','DD-MM-YYYY HH24:MI:SS'),to_date('03-12-2021 00:00:00','DD-MM-YYYY HH24:MI:SS'),'Finalizado','2','123123','1');
Insert into NOMASACCIDENTES.SOLICITUDES (ID_SOLICITUD,DESCRIPCION,FECHA_SOLICITUD,FECHA_CIERRE,RESOLUCION,ID_TIPO_SOLICITUDES,RUT_CLIENTE,ID_ESTADO_SOLICITUDES) values ('53','INICIO DE SOLICITUD',to_date('09-02-2022 00:00:00','DD-MM-YYYY HH24:MI:SS'),to_date('30-11-2021 00:00:00','DD-MM-YYYY HH24:MI:SS'),'Cierre debido a fallas','2','123123','1');
Insert into NOMASACCIDENTES.SOLICITUDES (ID_SOLICITUD,DESCRIPCION,FECHA_SOLICITUD,FECHA_CIERRE,RESOLUCION,ID_TIPO_SOLICITUDES,RUT_CLIENTE,ID_ESTADO_SOLICITUDES) values ('43','INICIO DE SOLICITUD',to_date('30-11-2021 00:00:00','DD-MM-YYYY HH24:MI:SS'),to_date('30-11-2021 00:00:00','DD-MM-YYYY HH24:MI:SS'),'Finalizado','3','123123','3');
Insert into NOMASACCIDENTES.SOLICITUDES (ID_SOLICITUD,DESCRIPCION,FECHA_SOLICITUD,FECHA_CIERRE,RESOLUCION,ID_TIPO_SOLICITUDES,RUT_CLIENTE,ID_ESTADO_SOLICITUDES) values ('44','INICIO DE SOLICITUD',to_date('29-11-2021 00:00:00','DD-MM-YYYY HH24:MI:SS'),to_date('08-12-2021 00:00:00','DD-MM-YYYY HH24:MI:SS'),'Pendiente Cliente','1','123123','2');
REM INSERTING into NOMASACCIDENTES.TIPO_CASO
SET DEFINE OFF;
REM INSERTING into NOMASACCIDENTES.TIPO_DOCUMENTO
SET DEFINE OFF;
REM INSERTING into NOMASACCIDENTES.TIPO_SOLICITUDES
SET DEFINE OFF;
Insert into NOMASACCIDENTES.TIPO_SOLICITUDES (ID_TIPO_SOLICITUDES,DESCRIPCION) values ('1','VISITA');
Insert into NOMASACCIDENTES.TIPO_SOLICITUDES (ID_TIPO_SOLICITUDES,DESCRIPCION) values ('2','CAPACITACIÓN');
Insert into NOMASACCIDENTES.TIPO_SOLICITUDES (ID_TIPO_SOLICITUDES,DESCRIPCION) values ('3','ASESORÍA');
REM INSERTING into NOMASACCIDENTES.USUARIO
SET DEFINE OFF;
Insert into NOMASACCIDENTES.USUARIO (ID_USUARIO,NOMBRE_USUARIO,CONTRASENA,ID_ROLES_USUARIOS,ID_ESTADO_USUARIOS) values ('21','Raul','123456','3','1');
Insert into NOMASACCIDENTES.USUARIO (ID_USUARIO,NOMBRE_USUARIO,CONTRASENA,ID_ROLES_USUARIOS,ID_ESTADO_USUARIOS) values ('2','Catalina','123456','3','1');
Insert into NOMASACCIDENTES.USUARIO (ID_USUARIO,NOMBRE_USUARIO,CONTRASENA,ID_ROLES_USUARIOS,ID_ESTADO_USUARIOS) values ('9','Nelson','123456','1','1');
Insert into NOMASACCIDENTES.USUARIO (ID_USUARIO,NOMBRE_USUARIO,CONTRASENA,ID_ROLES_USUARIOS,ID_ESTADO_USUARIOS) values ('8','Matias','123456','2','1');
REM INSERTING into NOMASACCIDENTES.VISITA
SET DEFINE OFF;
--------------------------------------------------------
--  DDL for Procedure SPP_CREAR_INFORME
--------------------------------------------------------
set define off;

  CREATE OR REPLACE PROCEDURE "NOMASACCIDENTES"."SPP_CREAR_INFORME" (DESCRIPCION VARCHAR ,IDESTADO NUMBER, Rutprof
number, rutcliente number, idplanilla number)
as
begin
insert into INFORME VALUES(SEC_INFORME.nextval,DESCRIPCION,IDESTADO,SYSDATE,Rutprof,rutcliente,idplanilla);

end SPP_CREAR_INFORME;

/
--------------------------------------------------------
--  DDL for Procedure SPP_CREAR_PLANILLA
--------------------------------------------------------
set define off;

  CREATE OR REPLACE PROCEDURE "NOMASACCIDENTES"."SPP_CREAR_PLANILLA" (DESCRIPCION VARCHAR , rutcliente number)
as
begin
insert into PLANILLA VALUES(SEC_PLANILLA.nextval,DESCRIPCION,rutcliente);

end SPP_CREAR_PLANILLA;

/
--------------------------------------------------------
--  DDL for Procedure SPP_ELIMINAR_PLANILLA
--------------------------------------------------------
set define off;

  CREATE OR REPLACE PROCEDURE "NOMASACCIDENTES"."SPP_ELIMINAR_PLANILLA" (ide number )
as
begin
DELETE FROM PLANILLA WHERE ID_PLANILLA=ide;
end SPP_Eliminar_PLANILLA;

/
--------------------------------------------------------
--  DDL for Procedure SPP_ELIMINARREGISTRO
--------------------------------------------------------
set define off;

  CREATE OR REPLACE PROCEDURE "NOMASACCIDENTES"."SPP_ELIMINARREGISTRO" (ide number)
as
begin
DELETE FROM REGISTRO_ACTIVIDADES
WHERE ID_REGISTRO_ACTIVIDADES=ide;
COMMIT;
end SPP_ELIMINARREGISTRO;

/
--------------------------------------------------------
--  DDL for Procedure SPP_ELIMINARUSUARIO
--------------------------------------------------------
set define off;

  CREATE OR REPLACE PROCEDURE "NOMASACCIDENTES"."SPP_ELIMINARUSUARIO" (ide number)
as
begin
DELETE USUARIO 
where id_usuario=ide;
COMMIT;
end spp_eliminarusuario;

/
--------------------------------------------------------
--  DDL for Procedure SPP_INSERTARCLIENTE
--------------------------------------------------------
set define off;

  CREATE OR REPLACE PROCEDURE "NOMASACCIDENTES"."SPP_INSERTARCLIENTE" (rut VARCHAR, nombre varchar, rubro
varchar, correo varchar)
as
begin
insert into usuario (id_usuario,nombre_usuario,contrasena, id_roles_usuarios,id_estado_usuarios) values
(SEC_IDUSUARIO.nextval,nombre,'123456',2,1);

insert into CLIENTE (rut_cliente,nombre_cliente,razon_social,CORREO_ELECTRONICO,id_usuario) values
(rut, nombre, rubro, correo, SEC_IDUSUARIO.CURRVAL);

INSERT INTO CONTRATO VALUES(sec_contrato.nextval, sysdate, ADD_MONTHS(sysdate,12),120000,rut,null);

end spp_insertarcliente;

/
--------------------------------------------------------
--  DDL for Procedure SPP_INSERTARPROF
--------------------------------------------------------
set define off;

  CREATE OR REPLACE PROCEDURE "NOMASACCIDENTES"."SPP_INSERTARPROF" (rut VARCHAR, nombre varchar, rol number)
as
begin
insert into usuario (id_usuario,nombre_usuario,contrasena, id_roles_usuarios,id_estado_usuarios) values
(SEC_IDUSUARIO.nextval,nombre,'123456',rol,1);

if rol=3 then
insert into profesional (rut_profesional,nombre_profesional,id_usuario) values
(rut, nombre, SEC_IDUSUARIO.currval);
end if;
end spp_insertarprof;

/
--------------------------------------------------------
--  DDL for Procedure SPP_INSERTARSOLI
--------------------------------------------------------
set define off;

  CREATE OR REPLACE PROCEDURE "NOMASACCIDENTES"."SPP_INSERTARSOLI" (RUT number, TIPOS NUMBER,FECHA DATE)
as
begin
insert into solicitudes values
(sec_solicitud.nextval,'INICIO DE SOLICITUD',FECHA,NULL,NULL,TIPOS, RUT,1);

INSERT INTO registro_actividades VALUES(sec_registro.nextval,sec_solicitud.currval,null,RUT);
end spp_insertarsoli;

/
--------------------------------------------------------
--  DDL for Procedure SPP_INSERTARUSUARIO
--------------------------------------------------------
set define off;

  CREATE OR REPLACE PROCEDURE "NOMASACCIDENTES"."SPP_INSERTARUSUARIO" (nombre varchar, contrasenau
varchar, id_rol number)
as
begin
insert into usuario (id_usuario,nombre_usuario,contrasena, id_roles_usuarios,id_estado_usuarios) values
(SEC_IDUSUARIO.nextval,nombre,contrasenau,id_rol,1);
end spp_insertarusuario;

/
--------------------------------------------------------
--  DDL for Procedure SPP_LISTAR_CLIENT
--------------------------------------------------------
set define off;

  CREATE OR REPLACE PROCEDURE "NOMASACCIDENTES"."SPP_LISTAR_CLIENT" (bus VARCHAR)
as
v_id_usuario usuario.id_usuario%TYPE;
v_nombre_cliente cliente.nombre_cliente%TYPE; 
v_razon cliente.razon_social%type;
v_nombre_usuario usuario.nombre_usuario%TYPE;
v_contrasena usuario.contrasena%TYPE;
v_id_roles_usuarios usuario.id_roles_usuarios%TYPE; 
v_id_estado_usuarios usuario.id_estado_usuarios%TYPE;
begin
select u.id_usuario, c.nombre_cliente, c.razon_social, u.nombre_usuario,u.contrasena,u.id_roles_usuarios,u.id_estado_usuarios
into v_id_usuario,v_nombre_cliente,v_razon,v_nombre_usuario,v_contrasena, v_id_roles_usuarios, v_id_estado_usuarios
from usuario u
inner join cliente c
on u.id_usuario=c.id_usuario
where id_roles_usuarios=2 and bus =nombre_usuario;
end spp_listar_client;

/
--------------------------------------------------------
--  DDL for Procedure SPP_LISTAR_INFORMES
--------------------------------------------------------
set define off;

  CREATE OR REPLACE PROCEDURE "NOMASACCIDENTES"."SPP_LISTAR_INFORMES" (UINFO OUT sys_refcursor)
is
begin
open UINFO for
select i.ID_INFORME, i.FECHA,p.nombre_profesional,c.nombre_cliente
from INFORME i
inner join cliente c
on i.rut_cliente = c.RUT_CLIENTE
inner join profesional p
on i.rut_profesional=p.rut_profesional;
end SPP_LISTAR_INFORMES;

/
--------------------------------------------------------
--  DDL for Procedure SPP_LISTAR_LISTA
--------------------------------------------------------
set define off;

  CREATE OR REPLACE PROCEDURE "NOMASACCIDENTES"."SPP_LISTAR_LISTA" (ULISTA OUT sys_refcursor)
is
begin
open ULISTA for
select ID_LISTA, DESCRIPCION
from LISTA;
end SPP_LISTAR_LISTA;

/
--------------------------------------------------------
--  DDL for Procedure SPP_LISTAR_PAGOS
--------------------------------------------------------
set define off;

  CREATE OR REPLACE PROCEDURE "NOMASACCIDENTES"."SPP_LISTAR_PAGOS" (ucursor out sys_refcursor)
is
begin
open ucursor for
select c.rut_cliente,c.fecha_contrato, c.fecha_vencimiento,ADD_MONTHS(c.fecha_contrato,6)as "primer pago",  ADD_MONTHS(c.fecha_contrato,12)as "segundo pago"
from  contrato c
inner join SERVICIOS_EN_CONTRATOS sc
on c.ID_SERVICIOS_EN_CONTRATOS = sc.ID_SERVICIOS_EN_CONTRATOS
inner join servicios s
on sc.id_servicios =s.id_servicios
inner join detalles_documentos d
on d.id_detalles_documentos=s.id_detalles_documentos
inner join documentos doc
on doc.id_documentos=d.id_documentos
inner join pagos p
on p.id_pagos = doc.id_pagos
;
end spp_listar_pagos;

/
--------------------------------------------------------
--  DDL for Procedure SPP_LISTAR_PROFESIONALES
--------------------------------------------------------
set define off;

  CREATE OR REPLACE PROCEDURE "NOMASACCIDENTES"."SPP_LISTAR_PROFESIONALES" (bus VARCHAR)
as
v_id_usuario usuario.id_usuario%TYPE;
v_nombre_profesional profesional.nombre_profesional%TYPE; 
v_nombre_usuario usuario.nombre_usuario%TYPE;
v_contrasena usuario.contrasena%TYPE;
v_id_roles_usuarios usuario.id_roles_usuarios%TYPE; 
v_id_estado_usuarios usuario.id_estado_usuarios%TYPE;
begin
select u.id_usuario,p.nombre_profesional, u.nombre_usuario, u.contrasena, u.id_roles_usuarios, u.id_estado_usuarios
into v_id_usuario,v_nombre_profesional,v_nombre_usuario,v_contrasena, v_id_roles_usuarios, v_id_estado_usuarios
from usuario u
inner join profesional p
on u.id_usuario = p.id_usuario
where u.id_roles_usuarios=3 and bus=u.nombre_usuario;
end spp_listar_profesionales;

/
--------------------------------------------------------
--  DDL for Procedure SPP_LISTAR_SOLICITUDES
--------------------------------------------------------
set define off;

  CREATE OR REPLACE PROCEDURE "NOMASACCIDENTES"."SPP_LISTAR_SOLICITUDES" (USOLICITUD OUT sys_refcursor)
is
begin
open USOLICITUD for
select ID_SOLICITUD	,DESCRIPCION,FECHA_SOLICITUD,FECHA_CIERRE,RESOLUCION,ID_TIPO_SOLICITUDES,RUT_CLIENTE,ID_ESTADO_SOLICITUDES
from solicitudes;
end SPP_LISTAR_SOLICITUDES;

/
--------------------------------------------------------
--  DDL for Procedure SPP_LISTAR_USUARIOS
--------------------------------------------------------
set define off;

  CREATE OR REPLACE PROCEDURE "NOMASACCIDENTES"."SPP_LISTAR_USUARIOS" (ucursor out sys_refcursor)
is
begin
open ucursor for
select id_usuario,nombre_usuario,contrasena,id_roles_usuarios,id_estado_usuarios
from usuario;
end spp_listar_usuarios;

/
--------------------------------------------------------
--  DDL for Procedure SPP_MODIFICAR_INFORME
--------------------------------------------------------
set define off;

  CREATE OR REPLACE PROCEDURE "NOMASACCIDENTES"."SPP_MODIFICAR_INFORME" (ide number ,DESCRIPCION VARCHAR ,IDESTADO NUMBER, Rutprof
number, rutcliente number, idplanilla number)
as
begin

update INFORME set DESCRIPCION=DESCRIPCION ,ID_ESTADO_INFO=IDESTADO,FECHA=SYSDATE,RUT_PROFESIONAL= Rutprof,RUT_CLIENTE=rutcliente,ID_PLANILLA= idplanilla where ID_INFORME=ide;
end SPP_MODIFICAR_INFORME;

/
--------------------------------------------------------
--  DDL for Procedure SPP_MODIFICAR_PLANILLA
--------------------------------------------------------
set define off;

  CREATE OR REPLACE PROCEDURE "NOMASACCIDENTES"."SPP_MODIFICAR_PLANILLA" (ide number ,des VARCHAR)
as
begin
update planilla set descripcion=des  where id_planilla=ide;
end SPP_MODIFICAR_PLANILLA;

/
--------------------------------------------------------
--  DDL for Procedure SPP_MODIFICARREGISTROR
--------------------------------------------------------
set define off;

  CREATE OR REPLACE PROCEDURE "NOMASACCIDENTES"."SPP_MODIFICARREGISTROR" (IDe number, RUT number)
as
begin
update REGISTRO_ACTIVIDADES
set RUT_PROFESIONAL=RUT
where id_solicitud=IDe;
end spp_modificarRegistroR;

/
--------------------------------------------------------
--  DDL for Procedure SPP_MODIFICARSOLIRE
--------------------------------------------------------
set define off;

  CREATE OR REPLACE PROCEDURE "NOMASACCIDENTES"."SPP_MODIFICARSOLIRE" (ide number, FechaCierre date, Resolution
varchar, id_estado number)
as
begin
UPDATE SOLICITUDES SET fecha_cierre=FechaCierre, resolucion= Resolution, id_estado_solicitudes=id_estado
where id_solicitud=ide;

end SPP_MODIFICARSOLIRE;

/
--------------------------------------------------------
--  DDL for Procedure SPP_MODIFICARUSR
--------------------------------------------------------
set define off;

  CREATE OR REPLACE PROCEDURE "NOMASACCIDENTES"."SPP_MODIFICARUSR" (ide number, nombre varchar, contrasenau
string, id_rol number, id_estado number)
as
begin
UPDATE usuario SET nombre_usuario=nombre, contrasena= contrasenau, id_roles_usuarios=id_rol, id_estado_usuarios=id_estado
where id_usuario=ide;

end SPP_MODIFICARUSR;

/
--------------------------------------------------------
--  DDL for Procedure SPP_MODIFICARUSUARIO
--------------------------------------------------------
set define off;

  CREATE OR REPLACE PROCEDURE "NOMASACCIDENTES"."SPP_MODIFICARUSUARIO" (ide number, nombre varchar, contrasenau
number, id_rol number, id_estado number)
as
begin
update usuario
set nombre_usuario=nombre, contrasena=contrasenau, id_roles_usuarios=id_rol, id_estado_usuarios=id_estado
where id_usuario=ide;
COMMIT;
end spp_modificarusuario;

/
--------------------------------------------------------
--  Constraints for Table MEJORAS
--------------------------------------------------------

  ALTER TABLE "NOMASACCIDENTES"."MEJORAS" ADD PRIMARY KEY ("ID_MEJORAS")
  USING INDEX PCTFREE 10 INITRANS 2 MAXTRANS 255 COMPUTE STATISTICS 
  STORAGE(INITIAL 65536 NEXT 1048576 MINEXTENTS 1 MAXEXTENTS 2147483645
  PCTINCREASE 0 FREELISTS 1 FREELIST GROUPS 1 BUFFER_POOL DEFAULT FLASH_CACHE DEFAULT CELL_FLASH_CACHE DEFAULT)
  TABLESPACE "USERS"  ENABLE;
  ALTER TABLE "NOMASACCIDENTES"."MEJORAS" MODIFY ("DESCRIPCION" NOT NULL ENABLE);
  ALTER TABLE "NOMASACCIDENTES"."MEJORAS" MODIFY ("ID_MEJORAS" NOT NULL ENABLE);
--------------------------------------------------------
--  Constraints for Table PARTICIPANTES
--------------------------------------------------------

  ALTER TABLE "NOMASACCIDENTES"."PARTICIPANTES" ADD PRIMARY KEY ("RUT_PARTICIPANTE")
  USING INDEX PCTFREE 10 INITRANS 2 MAXTRANS 255 COMPUTE STATISTICS 
  STORAGE(INITIAL 65536 NEXT 1048576 MINEXTENTS 1 MAXEXTENTS 2147483645
  PCTINCREASE 0 FREELISTS 1 FREELIST GROUPS 1 BUFFER_POOL DEFAULT FLASH_CACHE DEFAULT CELL_FLASH_CACHE DEFAULT)
  TABLESPACE "USERS"  ENABLE;
  ALTER TABLE "NOMASACCIDENTES"."PARTICIPANTES" MODIFY ("CORREO_ELECTRONICO" NOT NULL ENABLE);
  ALTER TABLE "NOMASACCIDENTES"."PARTICIPANTES" MODIFY ("NOMBRE_COMPLETO" NOT NULL ENABLE);
  ALTER TABLE "NOMASACCIDENTES"."PARTICIPANTES" MODIFY ("RUT_PARTICIPANTE" NOT NULL ENABLE);
--------------------------------------------------------
--  Constraints for Table PLAN_MEJORAS
--------------------------------------------------------

  ALTER TABLE "NOMASACCIDENTES"."PLAN_MEJORAS" ADD PRIMARY KEY ("ID_PLAN_MEJORAS")
  USING INDEX PCTFREE 10 INITRANS 2 MAXTRANS 255 COMPUTE STATISTICS 
  STORAGE(INITIAL 65536 NEXT 1048576 MINEXTENTS 1 MAXEXTENTS 2147483645
  PCTINCREASE 0 FREELISTS 1 FREELIST GROUPS 1 BUFFER_POOL DEFAULT FLASH_CACHE DEFAULT CELL_FLASH_CACHE DEFAULT)
  TABLESPACE "USERS"  ENABLE;
  ALTER TABLE "NOMASACCIDENTES"."PLAN_MEJORAS" MODIFY ("ID_MEJORAS" NOT NULL ENABLE);
  ALTER TABLE "NOMASACCIDENTES"."PLAN_MEJORAS" MODIFY ("DESCRIPCION" NOT NULL ENABLE);
  ALTER TABLE "NOMASACCIDENTES"."PLAN_MEJORAS" MODIFY ("ID_PLAN_MEJORAS" NOT NULL ENABLE);
--------------------------------------------------------
--  Constraints for Table TIPO_CASO
--------------------------------------------------------

  ALTER TABLE "NOMASACCIDENTES"."TIPO_CASO" ADD PRIMARY KEY ("ID_TIPO_CASO")
  USING INDEX PCTFREE 10 INITRANS 2 MAXTRANS 255 COMPUTE STATISTICS 
  STORAGE(INITIAL 65536 NEXT 1048576 MINEXTENTS 1 MAXEXTENTS 2147483645
  PCTINCREASE 0 FREELISTS 1 FREELIST GROUPS 1 BUFFER_POOL DEFAULT FLASH_CACHE DEFAULT CELL_FLASH_CACHE DEFAULT)
  TABLESPACE "USERS"  ENABLE;
  ALTER TABLE "NOMASACCIDENTES"."TIPO_CASO" MODIFY ("DESCRIPCION" NOT NULL ENABLE);
  ALTER TABLE "NOMASACCIDENTES"."TIPO_CASO" MODIFY ("ID_TIPO_CASO" NOT NULL ENABLE);
--------------------------------------------------------
--  Constraints for Table VISITA
--------------------------------------------------------

  ALTER TABLE "NOMASACCIDENTES"."VISITA" ADD PRIMARY KEY ("ID_VISITA")
  USING INDEX PCTFREE 10 INITRANS 2 MAXTRANS 255 COMPUTE STATISTICS 
  STORAGE(INITIAL 65536 NEXT 1048576 MINEXTENTS 1 MAXEXTENTS 2147483645
  PCTINCREASE 0 FREELISTS 1 FREELIST GROUPS 1 BUFFER_POOL DEFAULT FLASH_CACHE DEFAULT CELL_FLASH_CACHE DEFAULT)
  TABLESPACE "USERS"  ENABLE;
  ALTER TABLE "NOMASACCIDENTES"."VISITA" MODIFY ("ID_LISTA" NOT NULL ENABLE);
  ALTER TABLE "NOMASACCIDENTES"."VISITA" MODIFY ("HORA" NOT NULL ENABLE);
  ALTER TABLE "NOMASACCIDENTES"."VISITA" MODIFY ("FECHA" NOT NULL ENABLE);
  ALTER TABLE "NOMASACCIDENTES"."VISITA" MODIFY ("ID_VISITA" NOT NULL ENABLE);
--------------------------------------------------------
--  Constraints for Table TIPO_DOCUMENTO
--------------------------------------------------------

  ALTER TABLE "NOMASACCIDENTES"."TIPO_DOCUMENTO" ADD PRIMARY KEY ("ID_TIPO_DOCUMENTO")
  USING INDEX PCTFREE 10 INITRANS 2 MAXTRANS 255 COMPUTE STATISTICS 
  STORAGE(INITIAL 65536 NEXT 1048576 MINEXTENTS 1 MAXEXTENTS 2147483645
  PCTINCREASE 0 FREELISTS 1 FREELIST GROUPS 1 BUFFER_POOL DEFAULT FLASH_CACHE DEFAULT CELL_FLASH_CACHE DEFAULT)
  TABLESPACE "USERS"  ENABLE;
  ALTER TABLE "NOMASACCIDENTES"."TIPO_DOCUMENTO" MODIFY ("DESCRIPCION" NOT NULL ENABLE);
  ALTER TABLE "NOMASACCIDENTES"."TIPO_DOCUMENTO" MODIFY ("ID_TIPO_DOCUMENTO" NOT NULL ENABLE);
--------------------------------------------------------
--  Constraints for Table TIPO_SOLICITUDES
--------------------------------------------------------

  ALTER TABLE "NOMASACCIDENTES"."TIPO_SOLICITUDES" ADD PRIMARY KEY ("ID_TIPO_SOLICITUDES")
  USING INDEX PCTFREE 10 INITRANS 2 MAXTRANS 255 COMPUTE STATISTICS 
  STORAGE(INITIAL 65536 NEXT 1048576 MINEXTENTS 1 MAXEXTENTS 2147483645
  PCTINCREASE 0 FREELISTS 1 FREELIST GROUPS 1 BUFFER_POOL DEFAULT FLASH_CACHE DEFAULT CELL_FLASH_CACHE DEFAULT)
  TABLESPACE "USERS"  ENABLE;
  ALTER TABLE "NOMASACCIDENTES"."TIPO_SOLICITUDES" MODIFY ("DESCRIPCION" NOT NULL ENABLE);
  ALTER TABLE "NOMASACCIDENTES"."TIPO_SOLICITUDES" MODIFY ("ID_TIPO_SOLICITUDES" NOT NULL ENABLE);
--------------------------------------------------------
--  Constraints for Table ESTADO_INFORME
--------------------------------------------------------

  ALTER TABLE "NOMASACCIDENTES"."ESTADO_INFORME" ADD PRIMARY KEY ("ID_ESTADO_INFO")
  USING INDEX PCTFREE 10 INITRANS 2 MAXTRANS 255 COMPUTE STATISTICS 
  STORAGE(INITIAL 65536 NEXT 1048576 MINEXTENTS 1 MAXEXTENTS 2147483645
  PCTINCREASE 0 FREELISTS 1 FREELIST GROUPS 1 BUFFER_POOL DEFAULT FLASH_CACHE DEFAULT CELL_FLASH_CACHE DEFAULT)
  TABLESPACE "USERS"  ENABLE;
  ALTER TABLE "NOMASACCIDENTES"."ESTADO_INFORME" MODIFY ("DESCRIPCION" NOT NULL ENABLE);
  ALTER TABLE "NOMASACCIDENTES"."ESTADO_INFORME" MODIFY ("ID_ESTADO_INFO" NOT NULL ENABLE);
--------------------------------------------------------
--  Constraints for Table CLIENTE
--------------------------------------------------------

  ALTER TABLE "NOMASACCIDENTES"."CLIENTE" ADD PRIMARY KEY ("RUT_CLIENTE")
  USING INDEX PCTFREE 10 INITRANS 2 MAXTRANS 255 COMPUTE STATISTICS 
  STORAGE(INITIAL 65536 NEXT 1048576 MINEXTENTS 1 MAXEXTENTS 2147483645
  PCTINCREASE 0 FREELISTS 1 FREELIST GROUPS 1 BUFFER_POOL DEFAULT FLASH_CACHE DEFAULT CELL_FLASH_CACHE DEFAULT)
  TABLESPACE "USERS"  ENABLE;
  ALTER TABLE "NOMASACCIDENTES"."CLIENTE" MODIFY ("CORREO_ELECTRONICO" NOT NULL ENABLE);
  ALTER TABLE "NOMASACCIDENTES"."CLIENTE" MODIFY ("RAZON_SOCIAL" NOT NULL ENABLE);
  ALTER TABLE "NOMASACCIDENTES"."CLIENTE" MODIFY ("NOMBRE_CLIENTE" NOT NULL ENABLE);
  ALTER TABLE "NOMASACCIDENTES"."CLIENTE" MODIFY ("RUT_CLIENTE" NOT NULL ENABLE);
--------------------------------------------------------
--  Constraints for Table INFORME
--------------------------------------------------------

  ALTER TABLE "NOMASACCIDENTES"."INFORME" ADD PRIMARY KEY ("ID_INFORME")
  USING INDEX PCTFREE 10 INITRANS 2 MAXTRANS 255 COMPUTE STATISTICS 
  STORAGE(INITIAL 65536 NEXT 1048576 MINEXTENTS 1 MAXEXTENTS 2147483645
  PCTINCREASE 0 FREELISTS 1 FREELIST GROUPS 1 BUFFER_POOL DEFAULT FLASH_CACHE DEFAULT CELL_FLASH_CACHE DEFAULT)
  TABLESPACE "USERS"  ENABLE;
  ALTER TABLE "NOMASACCIDENTES"."INFORME" MODIFY ("ID_PLANILLA" NOT NULL ENABLE);
  ALTER TABLE "NOMASACCIDENTES"."INFORME" MODIFY ("RUT_CLIENTE" NOT NULL ENABLE);
  ALTER TABLE "NOMASACCIDENTES"."INFORME" MODIFY ("RUT_PROFESIONAL" NOT NULL ENABLE);
  ALTER TABLE "NOMASACCIDENTES"."INFORME" MODIFY ("FECHA" NOT NULL ENABLE);
  ALTER TABLE "NOMASACCIDENTES"."INFORME" MODIFY ("ID_ESTADO_INFO" NOT NULL ENABLE);
  ALTER TABLE "NOMASACCIDENTES"."INFORME" MODIFY ("DESCRIPCION" NOT NULL ENABLE);
  ALTER TABLE "NOMASACCIDENTES"."INFORME" MODIFY ("ID_INFORME" NOT NULL ENABLE);
--------------------------------------------------------
--  Constraints for Table CONTRATO
--------------------------------------------------------

  ALTER TABLE "NOMASACCIDENTES"."CONTRATO" ADD PRIMARY KEY ("ID_CONTRATO")
  USING INDEX PCTFREE 10 INITRANS 2 MAXTRANS 255 COMPUTE STATISTICS 
  STORAGE(INITIAL 65536 NEXT 1048576 MINEXTENTS 1 MAXEXTENTS 2147483645
  PCTINCREASE 0 FREELISTS 1 FREELIST GROUPS 1 BUFFER_POOL DEFAULT FLASH_CACHE DEFAULT CELL_FLASH_CACHE DEFAULT)
  TABLESPACE "USERS"  ENABLE;
  ALTER TABLE "NOMASACCIDENTES"."CONTRATO" MODIFY ("RUT_CLIENTE" NOT NULL ENABLE);
  ALTER TABLE "NOMASACCIDENTES"."CONTRATO" MODIFY ("MONTO_PACTADO" NOT NULL ENABLE);
  ALTER TABLE "NOMASACCIDENTES"."CONTRATO" MODIFY ("FECHA_VENCIMIENTO" NOT NULL ENABLE);
  ALTER TABLE "NOMASACCIDENTES"."CONTRATO" MODIFY ("FECHA_CONTRATO" NOT NULL ENABLE);
  ALTER TABLE "NOMASACCIDENTES"."CONTRATO" MODIFY ("ID_CONTRATO" NOT NULL ENABLE);
--------------------------------------------------------
--  Constraints for Table ROLES_USUARIOS
--------------------------------------------------------

  ALTER TABLE "NOMASACCIDENTES"."ROLES_USUARIOS" ADD PRIMARY KEY ("ID_ROLES_USUARIOS")
  USING INDEX PCTFREE 10 INITRANS 2 MAXTRANS 255 COMPUTE STATISTICS 
  STORAGE(INITIAL 65536 NEXT 1048576 MINEXTENTS 1 MAXEXTENTS 2147483645
  PCTINCREASE 0 FREELISTS 1 FREELIST GROUPS 1 BUFFER_POOL DEFAULT FLASH_CACHE DEFAULT CELL_FLASH_CACHE DEFAULT)
  TABLESPACE "USERS"  ENABLE;
  ALTER TABLE "NOMASACCIDENTES"."ROLES_USUARIOS" MODIFY ("DESCRIPCION" NOT NULL ENABLE);
  ALTER TABLE "NOMASACCIDENTES"."ROLES_USUARIOS" MODIFY ("ID_ROLES_USUARIOS" NOT NULL ENABLE);
--------------------------------------------------------
--  Constraints for Table ALERTA_ACCIDENTE
--------------------------------------------------------

  ALTER TABLE "NOMASACCIDENTES"."ALERTA_ACCIDENTE" ADD PRIMARY KEY ("ID_ALERTA_ACCIDENTE")
  USING INDEX PCTFREE 10 INITRANS 2 MAXTRANS 255 COMPUTE STATISTICS 
  STORAGE(INITIAL 65536 NEXT 1048576 MINEXTENTS 1 MAXEXTENTS 2147483645
  PCTINCREASE 0 FREELISTS 1 FREELIST GROUPS 1 BUFFER_POOL DEFAULT FLASH_CACHE DEFAULT CELL_FLASH_CACHE DEFAULT)
  TABLESPACE "USERS"  ENABLE;
  ALTER TABLE "NOMASACCIDENTES"."ALERTA_ACCIDENTE" MODIFY ("ID_REGISTRO_ACCIDENTES" NOT NULL ENABLE);
  ALTER TABLE "NOMASACCIDENTES"."ALERTA_ACCIDENTE" MODIFY ("RUT_CLIENTE" NOT NULL ENABLE);
  ALTER TABLE "NOMASACCIDENTES"."ALERTA_ACCIDENTE" MODIFY ("ID_REGISTRO_ACCIDENTE" NOT NULL ENABLE);
  ALTER TABLE "NOMASACCIDENTES"."ALERTA_ACCIDENTE" MODIFY ("ID_ALERTA_ACCIDENTE" NOT NULL ENABLE);
--------------------------------------------------------
--  Constraints for Table SOLICITUDES
--------------------------------------------------------

  ALTER TABLE "NOMASACCIDENTES"."SOLICITUDES" ADD PRIMARY KEY ("ID_SOLICITUD")
  USING INDEX PCTFREE 10 INITRANS 2 MAXTRANS 255 COMPUTE STATISTICS 
  STORAGE(INITIAL 65536 NEXT 1048576 MINEXTENTS 1 MAXEXTENTS 2147483645
  PCTINCREASE 0 FREELISTS 1 FREELIST GROUPS 1 BUFFER_POOL DEFAULT FLASH_CACHE DEFAULT CELL_FLASH_CACHE DEFAULT)
  TABLESPACE "USERS"  ENABLE;
  ALTER TABLE "NOMASACCIDENTES"."SOLICITUDES" MODIFY ("ID_ESTADO_SOLICITUDES" NOT NULL ENABLE);
  ALTER TABLE "NOMASACCIDENTES"."SOLICITUDES" MODIFY ("RUT_CLIENTE" NOT NULL ENABLE);
  ALTER TABLE "NOMASACCIDENTES"."SOLICITUDES" MODIFY ("ID_TIPO_SOLICITUDES" NOT NULL ENABLE);
  ALTER TABLE "NOMASACCIDENTES"."SOLICITUDES" MODIFY ("FECHA_SOLICITUD" NOT NULL ENABLE);
  ALTER TABLE "NOMASACCIDENTES"."SOLICITUDES" MODIFY ("DESCRIPCION" NOT NULL ENABLE);
  ALTER TABLE "NOMASACCIDENTES"."SOLICITUDES" MODIFY ("ID_SOLICITUD" NOT NULL ENABLE);
--------------------------------------------------------
--  Constraints for Table REGISTRO_ACTIVIDADES
--------------------------------------------------------

  ALTER TABLE "NOMASACCIDENTES"."REGISTRO_ACTIVIDADES" ADD PRIMARY KEY ("ID_REGISTRO_ACTIVIDADES")
  USING INDEX PCTFREE 10 INITRANS 2 MAXTRANS 255 COMPUTE STATISTICS 
  STORAGE(INITIAL 65536 NEXT 1048576 MINEXTENTS 1 MAXEXTENTS 2147483645
  PCTINCREASE 0 FREELISTS 1 FREELIST GROUPS 1 BUFFER_POOL DEFAULT FLASH_CACHE DEFAULT CELL_FLASH_CACHE DEFAULT)
  TABLESPACE "USERS"  ENABLE;
  ALTER TABLE "NOMASACCIDENTES"."REGISTRO_ACTIVIDADES" MODIFY ("RUT_CLIENTE" NOT NULL ENABLE);
  ALTER TABLE "NOMASACCIDENTES"."REGISTRO_ACTIVIDADES" MODIFY ("ID_SOLICITUD" NOT NULL ENABLE);
  ALTER TABLE "NOMASACCIDENTES"."REGISTRO_ACTIVIDADES" MODIFY ("ID_REGISTRO_ACTIVIDADES" NOT NULL ENABLE);
--------------------------------------------------------
--  Constraints for Table PAGOS
--------------------------------------------------------

  ALTER TABLE "NOMASACCIDENTES"."PAGOS" ADD PRIMARY KEY ("ID_PAGOS")
  USING INDEX PCTFREE 10 INITRANS 2 MAXTRANS 255 COMPUTE STATISTICS 
  STORAGE(INITIAL 65536 NEXT 1048576 MINEXTENTS 1 MAXEXTENTS 2147483645
  PCTINCREASE 0 FREELISTS 1 FREELIST GROUPS 1 BUFFER_POOL DEFAULT FLASH_CACHE DEFAULT CELL_FLASH_CACHE DEFAULT)
  TABLESPACE "USERS"  ENABLE;
  ALTER TABLE "NOMASACCIDENTES"."PAGOS" MODIFY ("ID_METODOS_PAGOS" NOT NULL ENABLE);
  ALTER TABLE "NOMASACCIDENTES"."PAGOS" MODIFY ("ID_ALERTA_PROXIMO_PAGO" NOT NULL ENABLE);
  ALTER TABLE "NOMASACCIDENTES"."PAGOS" MODIFY ("MONTO_CUOTA" NOT NULL ENABLE);
  ALTER TABLE "NOMASACCIDENTES"."PAGOS" MODIFY ("CUOTA" NOT NULL ENABLE);
  ALTER TABLE "NOMASACCIDENTES"."PAGOS" MODIFY ("ID_PAGOS" NOT NULL ENABLE);
--------------------------------------------------------
--  Constraints for Table ESTADO_USUARIOS
--------------------------------------------------------

  ALTER TABLE "NOMASACCIDENTES"."ESTADO_USUARIOS" ADD PRIMARY KEY ("ID_ESTADO_USUARIOS")
  USING INDEX PCTFREE 10 INITRANS 2 MAXTRANS 255 COMPUTE STATISTICS 
  STORAGE(INITIAL 65536 NEXT 1048576 MINEXTENTS 1 MAXEXTENTS 2147483645
  PCTINCREASE 0 FREELISTS 1 FREELIST GROUPS 1 BUFFER_POOL DEFAULT FLASH_CACHE DEFAULT CELL_FLASH_CACHE DEFAULT)
  TABLESPACE "USERS"  ENABLE;
  ALTER TABLE "NOMASACCIDENTES"."ESTADO_USUARIOS" MODIFY ("DESCRIPCION" NOT NULL ENABLE);
  ALTER TABLE "NOMASACCIDENTES"."ESTADO_USUARIOS" MODIFY ("ID_ESTADO_USUARIOS" NOT NULL ENABLE);
--------------------------------------------------------
--  Constraints for Table DETALLE_ACCIDENTE
--------------------------------------------------------

  ALTER TABLE "NOMASACCIDENTES"."DETALLE_ACCIDENTE" ADD PRIMARY KEY ("ID_DETALLE_ACCIDENTE")
  USING INDEX PCTFREE 10 INITRANS 2 MAXTRANS 255 COMPUTE STATISTICS 
  STORAGE(INITIAL 65536 NEXT 1048576 MINEXTENTS 1 MAXEXTENTS 2147483645
  PCTINCREASE 0 FREELISTS 1 FREELIST GROUPS 1 BUFFER_POOL DEFAULT FLASH_CACHE DEFAULT CELL_FLASH_CACHE DEFAULT)
  TABLESPACE "USERS"  ENABLE;
  ALTER TABLE "NOMASACCIDENTES"."DETALLE_ACCIDENTE" MODIFY ("DESCRIPCION_ACCIDENTE" NOT NULL ENABLE);
  ALTER TABLE "NOMASACCIDENTES"."DETALLE_ACCIDENTE" MODIFY ("LUGAR_ACCIDENTE" NOT NULL ENABLE);
  ALTER TABLE "NOMASACCIDENTES"."DETALLE_ACCIDENTE" MODIFY ("NOMBRE_ACCIDENTADO" NOT NULL ENABLE);
  ALTER TABLE "NOMASACCIDENTES"."DETALLE_ACCIDENTE" MODIFY ("ID_DETALLE_ACCIDENTE" NOT NULL ENABLE);
--------------------------------------------------------
--  Constraints for Table ASESORIA
--------------------------------------------------------

  ALTER TABLE "NOMASACCIDENTES"."ASESORIA" ADD PRIMARY KEY ("ID_ASESORIA")
  USING INDEX PCTFREE 10 INITRANS 2 MAXTRANS 255 COMPUTE STATISTICS 
  STORAGE(INITIAL 65536 NEXT 1048576 MINEXTENTS 1 MAXEXTENTS 2147483645
  PCTINCREASE 0 FREELISTS 1 FREELIST GROUPS 1 BUFFER_POOL DEFAULT FLASH_CACHE DEFAULT CELL_FLASH_CACHE DEFAULT)
  TABLESPACE "USERS"  ENABLE;
  ALTER TABLE "NOMASACCIDENTES"."ASESORIA" MODIFY ("ID_PLAN_MEJORAS" NOT NULL ENABLE);
  ALTER TABLE "NOMASACCIDENTES"."ASESORIA" MODIFY ("DESCRIPCION" NOT NULL ENABLE);
  ALTER TABLE "NOMASACCIDENTES"."ASESORIA" MODIFY ("ID_ASESORIA" NOT NULL ENABLE);
--------------------------------------------------------
--  Constraints for Table DETALLES_DOCUMENTOS
--------------------------------------------------------

  ALTER TABLE "NOMASACCIDENTES"."DETALLES_DOCUMENTOS" ADD PRIMARY KEY ("ID_DETALLES_DOCUMENTOS")
  USING INDEX PCTFREE 10 INITRANS 2 MAXTRANS 255 COMPUTE STATISTICS 
  STORAGE(INITIAL 65536 NEXT 1048576 MINEXTENTS 1 MAXEXTENTS 2147483645
  PCTINCREASE 0 FREELISTS 1 FREELIST GROUPS 1 BUFFER_POOL DEFAULT FLASH_CACHE DEFAULT CELL_FLASH_CACHE DEFAULT)
  TABLESPACE "USERS"  ENABLE;
  ALTER TABLE "NOMASACCIDENTES"."DETALLES_DOCUMENTOS" MODIFY ("ID_DOCUMENTOS" NOT NULL ENABLE);
  ALTER TABLE "NOMASACCIDENTES"."DETALLES_DOCUMENTOS" MODIFY ("VALOR_COBRADO" NOT NULL ENABLE);
  ALTER TABLE "NOMASACCIDENTES"."DETALLES_DOCUMENTOS" MODIFY ("DESCRIPCION" NOT NULL ENABLE);
  ALTER TABLE "NOMASACCIDENTES"."DETALLES_DOCUMENTOS" MODIFY ("ID_DETALLES_DOCUMENTOS" NOT NULL ENABLE);
--------------------------------------------------------
--  Constraints for Table USUARIO
--------------------------------------------------------

  ALTER TABLE "NOMASACCIDENTES"."USUARIO" ADD PRIMARY KEY ("ID_USUARIO")
  USING INDEX PCTFREE 10 INITRANS 2 MAXTRANS 255 COMPUTE STATISTICS 
  STORAGE(INITIAL 65536 NEXT 1048576 MINEXTENTS 1 MAXEXTENTS 2147483645
  PCTINCREASE 0 FREELISTS 1 FREELIST GROUPS 1 BUFFER_POOL DEFAULT FLASH_CACHE DEFAULT CELL_FLASH_CACHE DEFAULT)
  TABLESPACE "USERS"  ENABLE;
  ALTER TABLE "NOMASACCIDENTES"."USUARIO" MODIFY ("ID_ESTADO_USUARIOS" NOT NULL ENABLE);
  ALTER TABLE "NOMASACCIDENTES"."USUARIO" MODIFY ("ID_ROLES_USUARIOS" NOT NULL ENABLE);
  ALTER TABLE "NOMASACCIDENTES"."USUARIO" MODIFY ("CONTRASENA" NOT NULL ENABLE);
  ALTER TABLE "NOMASACCIDENTES"."USUARIO" MODIFY ("NOMBRE_USUARIO" NOT NULL ENABLE);
  ALTER TABLE "NOMASACCIDENTES"."USUARIO" MODIFY ("ID_USUARIO" NOT NULL ENABLE);
--------------------------------------------------------
--  Constraints for Table METODOS_PAGOS
--------------------------------------------------------

  ALTER TABLE "NOMASACCIDENTES"."METODOS_PAGOS" ADD PRIMARY KEY ("ID_METODOS_PAGOS")
  USING INDEX PCTFREE 10 INITRANS 2 MAXTRANS 255 COMPUTE STATISTICS 
  STORAGE(INITIAL 65536 NEXT 1048576 MINEXTENTS 1 MAXEXTENTS 2147483645
  PCTINCREASE 0 FREELISTS 1 FREELIST GROUPS 1 BUFFER_POOL DEFAULT FLASH_CACHE DEFAULT CELL_FLASH_CACHE DEFAULT)
  TABLESPACE "USERS"  ENABLE;
  ALTER TABLE "NOMASACCIDENTES"."METODOS_PAGOS" MODIFY ("DESCRIPCION" NOT NULL ENABLE);
  ALTER TABLE "NOMASACCIDENTES"."METODOS_PAGOS" MODIFY ("ID_METODOS_PAGOS" NOT NULL ENABLE);
--------------------------------------------------------
--  Constraints for Table MATERIALES
--------------------------------------------------------

  ALTER TABLE "NOMASACCIDENTES"."MATERIALES" ADD PRIMARY KEY ("ID_MATERIALES")
  USING INDEX PCTFREE 10 INITRANS 2 MAXTRANS 255 COMPUTE STATISTICS 
  STORAGE(INITIAL 65536 NEXT 1048576 MINEXTENTS 1 MAXEXTENTS 2147483645
  PCTINCREASE 0 FREELISTS 1 FREELIST GROUPS 1 BUFFER_POOL DEFAULT FLASH_CACHE DEFAULT CELL_FLASH_CACHE DEFAULT)
  TABLESPACE "USERS"  ENABLE;
  ALTER TABLE "NOMASACCIDENTES"."MATERIALES" MODIFY ("NOMBRE_MATERIAL" NOT NULL ENABLE);
  ALTER TABLE "NOMASACCIDENTES"."MATERIALES" MODIFY ("ID_MATERIALES" NOT NULL ENABLE);
--------------------------------------------------------
--  Constraints for Table DOCUMENTOS
--------------------------------------------------------

  ALTER TABLE "NOMASACCIDENTES"."DOCUMENTOS" ADD PRIMARY KEY ("ID_DOCUMENTOS")
  USING INDEX PCTFREE 10 INITRANS 2 MAXTRANS 255 COMPUTE STATISTICS 
  STORAGE(INITIAL 65536 NEXT 1048576 MINEXTENTS 1 MAXEXTENTS 2147483645
  PCTINCREASE 0 FREELISTS 1 FREELIST GROUPS 1 BUFFER_POOL DEFAULT FLASH_CACHE DEFAULT CELL_FLASH_CACHE DEFAULT)
  TABLESPACE "USERS"  ENABLE;
  ALTER TABLE "NOMASACCIDENTES"."DOCUMENTOS" MODIFY ("ID_PAGOS" NOT NULL ENABLE);
  ALTER TABLE "NOMASACCIDENTES"."DOCUMENTOS" MODIFY ("ID_TIPO_DOCUMENTO" NOT NULL ENABLE);
  ALTER TABLE "NOMASACCIDENTES"."DOCUMENTOS" MODIFY ("ID_MOROSIDAD" NOT NULL ENABLE);
  ALTER TABLE "NOMASACCIDENTES"."DOCUMENTOS" MODIFY ("FECHA_VENCIMIENTO" NOT NULL ENABLE);
  ALTER TABLE "NOMASACCIDENTES"."DOCUMENTOS" MODIFY ("FECHA_INICIO" NOT NULL ENABLE);
  ALTER TABLE "NOMASACCIDENTES"."DOCUMENTOS" MODIFY ("DESCRIPCION" NOT NULL ENABLE);
  ALTER TABLE "NOMASACCIDENTES"."DOCUMENTOS" MODIFY ("ID_DOCUMENTOS" NOT NULL ENABLE);
--------------------------------------------------------
--  Constraints for Table SERVICIOS_EN_CONTRATOS
--------------------------------------------------------

  ALTER TABLE "NOMASACCIDENTES"."SERVICIOS_EN_CONTRATOS" ADD PRIMARY KEY ("ID_SERVICIOS_EN_CONTRATOS")
  USING INDEX PCTFREE 10 INITRANS 2 MAXTRANS 255 COMPUTE STATISTICS 
  STORAGE(INITIAL 65536 NEXT 1048576 MINEXTENTS 1 MAXEXTENTS 2147483645
  PCTINCREASE 0 FREELISTS 1 FREELIST GROUPS 1 BUFFER_POOL DEFAULT FLASH_CACHE DEFAULT CELL_FLASH_CACHE DEFAULT)
  TABLESPACE "USERS"  ENABLE;
  ALTER TABLE "NOMASACCIDENTES"."SERVICIOS_EN_CONTRATOS" MODIFY ("ID_SERVICIOS" NOT NULL ENABLE);
  ALTER TABLE "NOMASACCIDENTES"."SERVICIOS_EN_CONTRATOS" MODIFY ("FECHA_FIN" NOT NULL ENABLE);
  ALTER TABLE "NOMASACCIDENTES"."SERVICIOS_EN_CONTRATOS" MODIFY ("FECHA_INICIO" NOT NULL ENABLE);
  ALTER TABLE "NOMASACCIDENTES"."SERVICIOS_EN_CONTRATOS" MODIFY ("ID_SERVICIOS_EN_CONTRATOS" NOT NULL ENABLE);
--------------------------------------------------------
--  Constraints for Table MOROSIDAD
--------------------------------------------------------

  ALTER TABLE "NOMASACCIDENTES"."MOROSIDAD" ADD PRIMARY KEY ("ID_MOROSIDAD")
  USING INDEX PCTFREE 10 INITRANS 2 MAXTRANS 255 COMPUTE STATISTICS 
  STORAGE(INITIAL 65536 NEXT 1048576 MINEXTENTS 1 MAXEXTENTS 2147483645
  PCTINCREASE 0 FREELISTS 1 FREELIST GROUPS 1 BUFFER_POOL DEFAULT FLASH_CACHE DEFAULT CELL_FLASH_CACHE DEFAULT)
  TABLESPACE "USERS"  ENABLE;
  ALTER TABLE "NOMASACCIDENTES"."MOROSIDAD" MODIFY ("CANTIDAD_PENDIENTE" NOT NULL ENABLE);
  ALTER TABLE "NOMASACCIDENTES"."MOROSIDAD" MODIFY ("ID_MOROSIDAD" NOT NULL ENABLE);
--------------------------------------------------------
--  Constraints for Table ESTADO_SOLICITUDES
--------------------------------------------------------

  ALTER TABLE "NOMASACCIDENTES"."ESTADO_SOLICITUDES" ADD PRIMARY KEY ("ID_ESTADO_SOLICITUDES")
  USING INDEX PCTFREE 10 INITRANS 2 MAXTRANS 255 COMPUTE STATISTICS 
  STORAGE(INITIAL 65536 NEXT 1048576 MINEXTENTS 1 MAXEXTENTS 2147483645
  PCTINCREASE 0 FREELISTS 1 FREELIST GROUPS 1 BUFFER_POOL DEFAULT FLASH_CACHE DEFAULT CELL_FLASH_CACHE DEFAULT)
  TABLESPACE "USERS"  ENABLE;
  ALTER TABLE "NOMASACCIDENTES"."ESTADO_SOLICITUDES" MODIFY ("DESCRIPCION" NOT NULL ENABLE);
  ALTER TABLE "NOMASACCIDENTES"."ESTADO_SOLICITUDES" MODIFY ("ID_ESTADO_SOLICITUDES" NOT NULL ENABLE);
--------------------------------------------------------
--  Constraints for Table SERVICIOS
--------------------------------------------------------

  ALTER TABLE "NOMASACCIDENTES"."SERVICIOS" ADD PRIMARY KEY ("ID_SERVICIOS")
  USING INDEX PCTFREE 10 INITRANS 2 MAXTRANS 255 COMPUTE STATISTICS 
  STORAGE(INITIAL 65536 NEXT 1048576 MINEXTENTS 1 MAXEXTENTS 2147483645
  PCTINCREASE 0 FREELISTS 1 FREELIST GROUPS 1 BUFFER_POOL DEFAULT FLASH_CACHE DEFAULT CELL_FLASH_CACHE DEFAULT)
  TABLESPACE "USERS"  ENABLE;
  ALTER TABLE "NOMASACCIDENTES"."SERVICIOS" MODIFY ("ID_DETALLES_DOCUMENTOS" NOT NULL ENABLE);
  ALTER TABLE "NOMASACCIDENTES"."SERVICIOS" MODIFY ("FECHA_SERVICIODATE" NOT NULL ENABLE);
  ALTER TABLE "NOMASACCIDENTES"."SERVICIOS" MODIFY ("FECHA_VIGENCIA" NOT NULL ENABLE);
  ALTER TABLE "NOMASACCIDENTES"."SERVICIOS" MODIFY ("VALOR_SERVICIO" NOT NULL ENABLE);
  ALTER TABLE "NOMASACCIDENTES"."SERVICIOS" MODIFY ("ID_SERVICIOS" NOT NULL ENABLE);
--------------------------------------------------------
--  Constraints for Table PROFESIONAL
--------------------------------------------------------

  ALTER TABLE "NOMASACCIDENTES"."PROFESIONAL" ADD PRIMARY KEY ("RUT_PROFESIONAL")
  USING INDEX PCTFREE 10 INITRANS 2 MAXTRANS 255 COMPUTE STATISTICS 
  STORAGE(INITIAL 65536 NEXT 1048576 MINEXTENTS 1 MAXEXTENTS 2147483645
  PCTINCREASE 0 FREELISTS 1 FREELIST GROUPS 1 BUFFER_POOL DEFAULT FLASH_CACHE DEFAULT CELL_FLASH_CACHE DEFAULT)
  TABLESPACE "USERS"  ENABLE;
  ALTER TABLE "NOMASACCIDENTES"."PROFESIONAL" MODIFY ("ID_USUARIO" NOT NULL ENABLE);
  ALTER TABLE "NOMASACCIDENTES"."PROFESIONAL" MODIFY ("NOMBRE_PROFESIONAL" NOT NULL ENABLE);
  ALTER TABLE "NOMASACCIDENTES"."PROFESIONAL" MODIFY ("RUT_PROFESIONAL" NOT NULL ENABLE);
--------------------------------------------------------
--  Constraints for Table LISTA
--------------------------------------------------------

  ALTER TABLE "NOMASACCIDENTES"."LISTA" ADD PRIMARY KEY ("ID_LISTA")
  USING INDEX PCTFREE 10 INITRANS 2 MAXTRANS 255 COMPUTE STATISTICS 
  STORAGE(INITIAL 65536 NEXT 1048576 MINEXTENTS 1 MAXEXTENTS 2147483645
  PCTINCREASE 0 FREELISTS 1 FREELIST GROUPS 1 BUFFER_POOL DEFAULT FLASH_CACHE DEFAULT CELL_FLASH_CACHE DEFAULT)
  TABLESPACE "USERS"  ENABLE;
  ALTER TABLE "NOMASACCIDENTES"."LISTA" MODIFY ("DESCRIPCION" NOT NULL ENABLE);
  ALTER TABLE "NOMASACCIDENTES"."LISTA" MODIFY ("ID_LISTA" NOT NULL ENABLE);
--------------------------------------------------------
--  Constraints for Table PLANILLA
--------------------------------------------------------

  ALTER TABLE "NOMASACCIDENTES"."PLANILLA" ADD PRIMARY KEY ("ID_PLANILLA")
  USING INDEX PCTFREE 10 INITRANS 2 MAXTRANS 255 COMPUTE STATISTICS 
  STORAGE(INITIAL 65536 NEXT 1048576 MINEXTENTS 1 MAXEXTENTS 2147483645
  PCTINCREASE 0 FREELISTS 1 FREELIST GROUPS 1 BUFFER_POOL DEFAULT FLASH_CACHE DEFAULT CELL_FLASH_CACHE DEFAULT)
  TABLESPACE "USERS"  ENABLE;
  ALTER TABLE "NOMASACCIDENTES"."PLANILLA" MODIFY ("RUT_CLIENTE" NOT NULL ENABLE);
  ALTER TABLE "NOMASACCIDENTES"."PLANILLA" MODIFY ("DESCRIPCION" NOT NULL ENABLE);
  ALTER TABLE "NOMASACCIDENTES"."PLANILLA" MODIFY ("ID_PLANILLA" NOT NULL ENABLE);
--------------------------------------------------------
--  Constraints for Table ALERTA_PROXIMO_PAGO
--------------------------------------------------------

  ALTER TABLE "NOMASACCIDENTES"."ALERTA_PROXIMO_PAGO" ADD PRIMARY KEY ("ID_ALERTA_PROXIMO_PAGO")
  USING INDEX PCTFREE 10 INITRANS 2 MAXTRANS 255 COMPUTE STATISTICS 
  STORAGE(INITIAL 65536 NEXT 1048576 MINEXTENTS 1 MAXEXTENTS 2147483645
  PCTINCREASE 0 FREELISTS 1 FREELIST GROUPS 1 BUFFER_POOL DEFAULT FLASH_CACHE DEFAULT CELL_FLASH_CACHE DEFAULT)
  TABLESPACE "USERS"  ENABLE;
  ALTER TABLE "NOMASACCIDENTES"."ALERTA_PROXIMO_PAGO" MODIFY ("FECHA_PAGO" NOT NULL ENABLE);
  ALTER TABLE "NOMASACCIDENTES"."ALERTA_PROXIMO_PAGO" MODIFY ("ID_ALERTA_PROXIMO_PAGO" NOT NULL ENABLE);
--------------------------------------------------------
--  Constraints for Table CASOS
--------------------------------------------------------

  ALTER TABLE "NOMASACCIDENTES"."CASOS" ADD PRIMARY KEY ("ID_CASOS")
  USING INDEX PCTFREE 10 INITRANS 2 MAXTRANS 255 COMPUTE STATISTICS 
  STORAGE(INITIAL 65536 NEXT 1048576 MINEXTENTS 1 MAXEXTENTS 2147483645
  PCTINCREASE 0 FREELISTS 1 FREELIST GROUPS 1 BUFFER_POOL DEFAULT FLASH_CACHE DEFAULT CELL_FLASH_CACHE DEFAULT)
  TABLESPACE "USERS"  ENABLE;
  ALTER TABLE "NOMASACCIDENTES"."CASOS" MODIFY ("RUT_CLIENTE" NOT NULL ENABLE);
  ALTER TABLE "NOMASACCIDENTES"."CASOS" MODIFY ("ID_ESTADO_CASO" NOT NULL ENABLE);
  ALTER TABLE "NOMASACCIDENTES"."CASOS" MODIFY ("ID_TIPO_CASO" NOT NULL ENABLE);
  ALTER TABLE "NOMASACCIDENTES"."CASOS" MODIFY ("FECHA_CASO" NOT NULL ENABLE);
  ALTER TABLE "NOMASACCIDENTES"."CASOS" MODIFY ("DESCRIPCION" NOT NULL ENABLE);
  ALTER TABLE "NOMASACCIDENTES"."CASOS" MODIFY ("ID_CASOS" NOT NULL ENABLE);
--------------------------------------------------------
--  Constraints for Table ESTADO_CASO
--------------------------------------------------------

  ALTER TABLE "NOMASACCIDENTES"."ESTADO_CASO" ADD PRIMARY KEY ("ID_ESTADO_CASO")
  USING INDEX PCTFREE 10 INITRANS 2 MAXTRANS 255 COMPUTE STATISTICS 
  STORAGE(INITIAL 65536 NEXT 1048576 MINEXTENTS 1 MAXEXTENTS 2147483645
  PCTINCREASE 0 FREELISTS 1 FREELIST GROUPS 1 BUFFER_POOL DEFAULT FLASH_CACHE DEFAULT CELL_FLASH_CACHE DEFAULT)
  TABLESPACE "USERS"  ENABLE;
  ALTER TABLE "NOMASACCIDENTES"."ESTADO_CASO" MODIFY ("DESCRIPCION" NOT NULL ENABLE);
  ALTER TABLE "NOMASACCIDENTES"."ESTADO_CASO" MODIFY ("ID_ESTADO_CASO" NOT NULL ENABLE);
--------------------------------------------------------
--  Constraints for Table REGISTRO_ACCIDENTES
--------------------------------------------------------

  ALTER TABLE "NOMASACCIDENTES"."REGISTRO_ACCIDENTES" ADD PRIMARY KEY ("ID_REGISTRO_ACCIDENTES")
  USING INDEX PCTFREE 10 INITRANS 2 MAXTRANS 255 COMPUTE STATISTICS 
  STORAGE(INITIAL 65536 NEXT 1048576 MINEXTENTS 1 MAXEXTENTS 2147483645
  PCTINCREASE 0 FREELISTS 1 FREELIST GROUPS 1 BUFFER_POOL DEFAULT FLASH_CACHE DEFAULT CELL_FLASH_CACHE DEFAULT)
  TABLESPACE "USERS"  ENABLE;
  ALTER TABLE "NOMASACCIDENTES"."REGISTRO_ACCIDENTES" MODIFY ("ID_DETALLE_ACCIDENTE" NOT NULL ENABLE);
  ALTER TABLE "NOMASACCIDENTES"."REGISTRO_ACCIDENTES" MODIFY ("FECHA_ACCIDENTE" NOT NULL ENABLE);
  ALTER TABLE "NOMASACCIDENTES"."REGISTRO_ACCIDENTES" MODIFY ("ID_REGISTRO_ACCIDENTES" NOT NULL ENABLE);
--------------------------------------------------------
--  Constraints for Table PARTICIPANTE_CAPACITACION
--------------------------------------------------------

  ALTER TABLE "NOMASACCIDENTES"."PARTICIPANTE_CAPACITACION" ADD PRIMARY KEY ("ID_PARTICIPANTE_CAPACITACION")
  USING INDEX PCTFREE 10 INITRANS 2 MAXTRANS 255 COMPUTE STATISTICS 
  STORAGE(INITIAL 65536 NEXT 1048576 MINEXTENTS 1 MAXEXTENTS 2147483645
  PCTINCREASE 0 FREELISTS 1 FREELIST GROUPS 1 BUFFER_POOL DEFAULT FLASH_CACHE DEFAULT CELL_FLASH_CACHE DEFAULT)
  TABLESPACE "USERS"  ENABLE;
  ALTER TABLE "NOMASACCIDENTES"."PARTICIPANTE_CAPACITACION" MODIFY ("RUT_PARTICIPANTE" NOT NULL ENABLE);
  ALTER TABLE "NOMASACCIDENTES"."PARTICIPANTE_CAPACITACION" MODIFY ("CONFIRMA_ASISTENCIA" NOT NULL ENABLE);
  ALTER TABLE "NOMASACCIDENTES"."PARTICIPANTE_CAPACITACION" MODIFY ("ID_PARTICIPANTE_CAPACITACION" NOT NULL ENABLE);
--------------------------------------------------------
--  Constraints for Table CAPACITACION
--------------------------------------------------------

  ALTER TABLE "NOMASACCIDENTES"."CAPACITACION" ADD PRIMARY KEY ("ID_CAPACITACION")
  USING INDEX PCTFREE 10 INITRANS 2 MAXTRANS 255 COMPUTE STATISTICS 
  STORAGE(INITIAL 65536 NEXT 1048576 MINEXTENTS 1 MAXEXTENTS 2147483645
  PCTINCREASE 0 FREELISTS 1 FREELIST GROUPS 1 BUFFER_POOL DEFAULT FLASH_CACHE DEFAULT CELL_FLASH_CACHE DEFAULT)
  TABLESPACE "USERS"  ENABLE;
  ALTER TABLE "NOMASACCIDENTES"."CAPACITACION" MODIFY ("ID_MATERIALES_CAPACITACION" NOT NULL ENABLE);
  ALTER TABLE "NOMASACCIDENTES"."CAPACITACION" MODIFY ("ID_PARTICIPANTE_CAPACITACION" NOT NULL ENABLE);
  ALTER TABLE "NOMASACCIDENTES"."CAPACITACION" MODIFY ("HORA" NOT NULL ENABLE);
  ALTER TABLE "NOMASACCIDENTES"."CAPACITACION" MODIFY ("FECHA" NOT NULL ENABLE);
  ALTER TABLE "NOMASACCIDENTES"."CAPACITACION" MODIFY ("ID_CAPACITACION" NOT NULL ENABLE);
--------------------------------------------------------
--  Constraints for Table MATERIALES_EN_CAPACITACION
--------------------------------------------------------

  ALTER TABLE "NOMASACCIDENTES"."MATERIALES_EN_CAPACITACION" ADD PRIMARY KEY ("ID_MATERIALES_CAPACITACION")
  USING INDEX PCTFREE 10 INITRANS 2 MAXTRANS 255 COMPUTE STATISTICS 
  STORAGE(INITIAL 65536 NEXT 1048576 MINEXTENTS 1 MAXEXTENTS 2147483645
  PCTINCREASE 0 FREELISTS 1 FREELIST GROUPS 1 BUFFER_POOL DEFAULT FLASH_CACHE DEFAULT CELL_FLASH_CACHE DEFAULT)
  TABLESPACE "USERS"  ENABLE;
  ALTER TABLE "NOMASACCIDENTES"."MATERIALES_EN_CAPACITACION" MODIFY ("ID_MATERIALES" NOT NULL ENABLE);
  ALTER TABLE "NOMASACCIDENTES"."MATERIALES_EN_CAPACITACION" MODIFY ("CANTIDAD" NOT NULL ENABLE);
  ALTER TABLE "NOMASACCIDENTES"."MATERIALES_EN_CAPACITACION" MODIFY ("ID_MATERIALES_CAPACITACION" NOT NULL ENABLE);
--------------------------------------------------------
--  Ref Constraints for Table ALERTA_ACCIDENTE
--------------------------------------------------------

  ALTER TABLE "NOMASACCIDENTES"."ALERTA_ACCIDENTE" ADD CONSTRAINT "FK_ALE_CLIE" FOREIGN KEY ("RUT_CLIENTE")
	  REFERENCES "NOMASACCIDENTES"."CLIENTE" ("RUT_CLIENTE") ENABLE;
  ALTER TABLE "NOMASACCIDENTES"."ALERTA_ACCIDENTE" ADD CONSTRAINT "FK_REGI_ACCID" FOREIGN KEY ("ID_REGISTRO_ACCIDENTES")
	  REFERENCES "NOMASACCIDENTES"."REGISTRO_ACCIDENTES" ("ID_REGISTRO_ACCIDENTES") ENABLE;
--------------------------------------------------------
--  Ref Constraints for Table ASESORIA
--------------------------------------------------------

  ALTER TABLE "NOMASACCIDENTES"."ASESORIA" ADD CONSTRAINT "FK_ASESORIA" FOREIGN KEY ("ID_PLAN_MEJORAS")
	  REFERENCES "NOMASACCIDENTES"."PLAN_MEJORAS" ("ID_PLAN_MEJORAS") ENABLE;
--------------------------------------------------------
--  Ref Constraints for Table CAPACITACION
--------------------------------------------------------

  ALTER TABLE "NOMASACCIDENTES"."CAPACITACION" ADD CONSTRAINT "FK_CAPA_MAT" FOREIGN KEY ("ID_MATERIALES_CAPACITACION")
	  REFERENCES "NOMASACCIDENTES"."MATERIALES_EN_CAPACITACION" ("ID_MATERIALES_CAPACITACION") ENABLE;
  ALTER TABLE "NOMASACCIDENTES"."CAPACITACION" ADD CONSTRAINT "FK_CAPA_PARTICIPA_" FOREIGN KEY ("ID_PARTICIPANTE_CAPACITACION")
	  REFERENCES "NOMASACCIDENTES"."PARTICIPANTE_CAPACITACION" ("ID_PARTICIPANTE_CAPACITACION") ENABLE;
--------------------------------------------------------
--  Ref Constraints for Table CASOS
--------------------------------------------------------

  ALTER TABLE "NOMASACCIDENTES"."CASOS" ADD CONSTRAINT "FK_CA_CLIENT" FOREIGN KEY ("RUT_CLIENTE")
	  REFERENCES "NOMASACCIDENTES"."CLIENTE" ("RUT_CLIENTE") ENABLE;
  ALTER TABLE "NOMASACCIDENTES"."CASOS" ADD CONSTRAINT "FK_CA_ESTA_CASO" FOREIGN KEY ("ID_ESTADO_CASO")
	  REFERENCES "NOMASACCIDENTES"."ESTADO_CASO" ("ID_ESTADO_CASO") ENABLE;
  ALTER TABLE "NOMASACCIDENTES"."CASOS" ADD CONSTRAINT "FK_CA_TIPO_CASO" FOREIGN KEY ("ID_TIPO_CASO")
	  REFERENCES "NOMASACCIDENTES"."TIPO_CASO" ("ID_TIPO_CASO") ENABLE;
--------------------------------------------------------
--  Ref Constraints for Table CLIENTE
--------------------------------------------------------

  ALTER TABLE "NOMASACCIDENTES"."CLIENTE" ADD CONSTRAINT "FK_CLIENTE_USUARIO" FOREIGN KEY ("ID_USUARIO")
	  REFERENCES "NOMASACCIDENTES"."USUARIO" ("ID_USUARIO") ENABLE;
--------------------------------------------------------
--  Ref Constraints for Table CONTRATO
--------------------------------------------------------

  ALTER TABLE "NOMASACCIDENTES"."CONTRATO" ADD CONSTRAINT "FK_CONTRATO_CLIENTE" FOREIGN KEY ("RUT_CLIENTE")
	  REFERENCES "NOMASACCIDENTES"."CLIENTE" ("RUT_CLIENTE") ENABLE;
  ALTER TABLE "NOMASACCIDENTES"."CONTRATO" ADD CONSTRAINT "FK_CONTRATO_SERVO_CONT" FOREIGN KEY ("ID_SERVICIOS_EN_CONTRATOS")
	  REFERENCES "NOMASACCIDENTES"."SERVICIOS_EN_CONTRATOS" ("ID_SERVICIOS_EN_CONTRATOS") ENABLE;
--------------------------------------------------------
--  Ref Constraints for Table DETALLES_DOCUMENTOS
--------------------------------------------------------

  ALTER TABLE "NOMASACCIDENTES"."DETALLES_DOCUMENTOS" ADD CONSTRAINT "FK_DETALLE_DOCUMENTO" FOREIGN KEY ("ID_DOCUMENTOS")
	  REFERENCES "NOMASACCIDENTES"."DOCUMENTOS" ("ID_DOCUMENTOS") ENABLE;
--------------------------------------------------------
--  Ref Constraints for Table DOCUMENTOS
--------------------------------------------------------

  ALTER TABLE "NOMASACCIDENTES"."DOCUMENTOS" ADD CONSTRAINT "FK_DOCUMES_TIPO_DOCUME" FOREIGN KEY ("ID_TIPO_DOCUMENTO")
	  REFERENCES "NOMASACCIDENTES"."TIPO_DOCUMENTO" ("ID_TIPO_DOCUMENTO") ENABLE;
  ALTER TABLE "NOMASACCIDENTES"."DOCUMENTOS" ADD CONSTRAINT "FK_DOCUME_MOROSI" FOREIGN KEY ("ID_MOROSIDAD")
	  REFERENCES "NOMASACCIDENTES"."MOROSIDAD" ("ID_MOROSIDAD") ENABLE;
  ALTER TABLE "NOMASACCIDENTES"."DOCUMENTOS" ADD CONSTRAINT "FK_DOCUM_PAG" FOREIGN KEY ("ID_PAGOS")
	  REFERENCES "NOMASACCIDENTES"."PAGOS" ("ID_PAGOS") ENABLE;
--------------------------------------------------------
--  Ref Constraints for Table INFORME
--------------------------------------------------------

  ALTER TABLE "NOMASACCIDENTES"."INFORME" ADD CONSTRAINT "FK_CLIENTE_INFO" FOREIGN KEY ("RUT_CLIENTE")
	  REFERENCES "NOMASACCIDENTES"."CLIENTE" ("RUT_CLIENTE") ENABLE;
  ALTER TABLE "NOMASACCIDENTES"."INFORME" ADD CONSTRAINT "FK_PLA_I" FOREIGN KEY ("ID_ESTADO_INFO")
	  REFERENCES "NOMASACCIDENTES"."ESTADO_INFORME" ("ID_ESTADO_INFO") ENABLE;
  ALTER TABLE "NOMASACCIDENTES"."INFORME" ADD CONSTRAINT "FK_PLA_INF" FOREIGN KEY ("ID_PLANILLA")
	  REFERENCES "NOMASACCIDENTES"."PLANILLA" ("ID_PLANILLA") ENABLE;
  ALTER TABLE "NOMASACCIDENTES"."INFORME" ADD CONSTRAINT "FK_PROFES_INFO" FOREIGN KEY ("RUT_PROFESIONAL")
	  REFERENCES "NOMASACCIDENTES"."PROFESIONAL" ("RUT_PROFESIONAL") ENABLE;
--------------------------------------------------------
--  Ref Constraints for Table MATERIALES_EN_CAPACITACION
--------------------------------------------------------

  ALTER TABLE "NOMASACCIDENTES"."MATERIALES_EN_CAPACITACION" ADD CONSTRAINT "FK_MATERIALES" FOREIGN KEY ("ID_MATERIALES")
	  REFERENCES "NOMASACCIDENTES"."MATERIALES" ("ID_MATERIALES") ENABLE;
--------------------------------------------------------
--  Ref Constraints for Table PAGOS
--------------------------------------------------------

  ALTER TABLE "NOMASACCIDENTES"."PAGOS" ADD CONSTRAINT "FK_PAG_MET_PA" FOREIGN KEY ("ID_METODOS_PAGOS")
	  REFERENCES "NOMASACCIDENTES"."METODOS_PAGOS" ("ID_METODOS_PAGOS") ENABLE;
  ALTER TABLE "NOMASACCIDENTES"."PAGOS" ADD CONSTRAINT "FK_PA_AL_PROX" FOREIGN KEY ("ID_ALERTA_PROXIMO_PAGO")
	  REFERENCES "NOMASACCIDENTES"."ALERTA_PROXIMO_PAGO" ("ID_ALERTA_PROXIMO_PAGO") ENABLE;
--------------------------------------------------------
--  Ref Constraints for Table PARTICIPANTE_CAPACITACION
--------------------------------------------------------

  ALTER TABLE "NOMASACCIDENTES"."PARTICIPANTE_CAPACITACION" ADD CONSTRAINT "FK_PART_CAPA" FOREIGN KEY ("RUT_PARTICIPANTE")
	  REFERENCES "NOMASACCIDENTES"."PARTICIPANTES" ("RUT_PARTICIPANTE") ENABLE;
--------------------------------------------------------
--  Ref Constraints for Table PLANILLA
--------------------------------------------------------

  ALTER TABLE "NOMASACCIDENTES"."PLANILLA" ADD CONSTRAINT "FK_PLANILLA_ID" FOREIGN KEY ("RUT_CLIENTE")
	  REFERENCES "NOMASACCIDENTES"."CLIENTE" ("RUT_CLIENTE") ENABLE;
--------------------------------------------------------
--  Ref Constraints for Table PLAN_MEJORAS
--------------------------------------------------------

  ALTER TABLE "NOMASACCIDENTES"."PLAN_MEJORAS" ADD CONSTRAINT "FK_PLAN_MEJORAS" FOREIGN KEY ("ID_MEJORAS")
	  REFERENCES "NOMASACCIDENTES"."MEJORAS" ("ID_MEJORAS") ENABLE;
--------------------------------------------------------
--  Ref Constraints for Table PROFESIONAL
--------------------------------------------------------

  ALTER TABLE "NOMASACCIDENTES"."PROFESIONAL" ADD CONSTRAINT "FK_PROFESI" FOREIGN KEY ("ID_USUARIO")
	  REFERENCES "NOMASACCIDENTES"."USUARIO" ("ID_USUARIO") ENABLE;
--------------------------------------------------------
--  Ref Constraints for Table REGISTRO_ACCIDENTES
--------------------------------------------------------

  ALTER TABLE "NOMASACCIDENTES"."REGISTRO_ACCIDENTES" ADD CONSTRAINT "FK_DETA_ACCIDE" FOREIGN KEY ("ID_DETALLE_ACCIDENTE")
	  REFERENCES "NOMASACCIDENTES"."DETALLE_ACCIDENTE" ("ID_DETALLE_ACCIDENTE") ENABLE;
--------------------------------------------------------
--  Ref Constraints for Table REGISTRO_ACTIVIDADES
--------------------------------------------------------

  ALTER TABLE "NOMASACCIDENTES"."REGISTRO_ACTIVIDADES" ADD CONSTRAINT "FK_RE_ACT_CLIE" FOREIGN KEY ("RUT_CLIENTE")
	  REFERENCES "NOMASACCIDENTES"."CLIENTE" ("RUT_CLIENTE") ENABLE;
  ALTER TABLE "NOMASACCIDENTES"."REGISTRO_ACTIVIDADES" ADD CONSTRAINT "FK_RE_ACT_PROFES" FOREIGN KEY ("RUT_PROFESIONAL")
	  REFERENCES "NOMASACCIDENTES"."PROFESIONAL" ("RUT_PROFESIONAL") ENABLE;
  ALTER TABLE "NOMASACCIDENTES"."REGISTRO_ACTIVIDADES" ADD CONSTRAINT "FK_SOLICIT" FOREIGN KEY ("ID_SOLICITUD")
	  REFERENCES "NOMASACCIDENTES"."SOLICITUDES" ("ID_SOLICITUD") ENABLE;
--------------------------------------------------------
--  Ref Constraints for Table SERVICIOS
--------------------------------------------------------

  ALTER TABLE "NOMASACCIDENTES"."SERVICIOS" ADD CONSTRAINT "FK_SERV_DETA_DOCUM" FOREIGN KEY ("ID_DETALLES_DOCUMENTOS")
	  REFERENCES "NOMASACCIDENTES"."DETALLES_DOCUMENTOS" ("ID_DETALLES_DOCUMENTOS") ENABLE;
--------------------------------------------------------
--  Ref Constraints for Table SERVICIOS_EN_CONTRATOS
--------------------------------------------------------

  ALTER TABLE "NOMASACCIDENTES"."SERVICIOS_EN_CONTRATOS" ADD CONSTRAINT "FK_SER_CONT_SERVI" FOREIGN KEY ("ID_SERVICIOS")
	  REFERENCES "NOMASACCIDENTES"."SERVICIOS" ("ID_SERVICIOS") ENABLE;
--------------------------------------------------------
--  Ref Constraints for Table SOLICITUDES
--------------------------------------------------------

  ALTER TABLE "NOMASACCIDENTES"."SOLICITUDES" ADD CONSTRAINT "FK_CLIENTE" FOREIGN KEY ("RUT_CLIENTE")
	  REFERENCES "NOMASACCIDENTES"."CLIENTE" ("RUT_CLIENTE") ENABLE;
  ALTER TABLE "NOMASACCIDENTES"."SOLICITUDES" ADD CONSTRAINT "FK_EST_SOLICI" FOREIGN KEY ("ID_ESTADO_SOLICITUDES")
	  REFERENCES "NOMASACCIDENTES"."ESTADO_SOLICITUDES" ("ID_ESTADO_SOLICITUDES") ENABLE;
  ALTER TABLE "NOMASACCIDENTES"."SOLICITUDES" ADD CONSTRAINT "FK_TIPO_SOLICI" FOREIGN KEY ("ID_TIPO_SOLICITUDES")
	  REFERENCES "NOMASACCIDENTES"."TIPO_SOLICITUDES" ("ID_TIPO_SOLICITUDES") ENABLE;
--------------------------------------------------------
--  Ref Constraints for Table USUARIO
--------------------------------------------------------

  ALTER TABLE "NOMASACCIDENTES"."USUARIO" ADD CONSTRAINT "FK_EST_USUAR" FOREIGN KEY ("ID_ESTADO_USUARIOS")
	  REFERENCES "NOMASACCIDENTES"."ESTADO_USUARIOS" ("ID_ESTADO_USUARIOS") ENABLE;
  ALTER TABLE "NOMASACCIDENTES"."USUARIO" ADD CONSTRAINT "FK_ROL_USUA" FOREIGN KEY ("ID_ROLES_USUARIOS")
	  REFERENCES "NOMASACCIDENTES"."ROLES_USUARIOS" ("ID_ROLES_USUARIOS") ENABLE;
--------------------------------------------------------
--  Ref Constraints for Table VISITA
--------------------------------------------------------

  ALTER TABLE "NOMASACCIDENTES"."VISITA" ADD CONSTRAINT "FK_VISITA" FOREIGN KEY ("ID_LISTA")
	  REFERENCES "NOMASACCIDENTES"."LISTA" ("ID_LISTA") ENABLE;
